,nome,team,img,titolare,entrato,squalificato,infortunato,inutilizzato,presenze,minuti_giocati,sostituito,cartellini_gialli,cartellini_rossi,%_bonus_match,%_malus_match,%_match_voto,%_sostituzione
0,Adamonis,Lazio,https://content.fantacalcio.it/web/campioncini/card2021/ADAMONIS.png,25,0,0,0,32,0,2243,3,4,1,0.0,0.0,0.0,12.0
0,Aresti,Cagliari,https://content.fantacalcio.it/web/campioncini/card2021/ARESTI.png,3,0,0,1,31,0,273,2,0,0,0.0,0.0,0.0,66.67
0,Adamonis,Lazio,https://content.fantacalcio.it/web/campioncini/card2021/ADAMONIS.png,25,0,0,0,32,0,2243,3,4,1,0.0,0.0,0.0,12.0
0,Aresti,Cagliari,https://content.fantacalcio.it/web/campioncini/card2021/ARESTI.png,3,0,0,1,31,0,273,2,0,0,0.0,0.0,0.0,66.67
0,Berardi-A,Verona,https://content.fantacalcio.it/web/campioncini/card2021/BERARDI-A.png,21,0,0,2,30,0,2085,9,3,0,0.0,0.0,0.0,42.86
0,Bertinato,Venezia,https://content.fantacalcio.it/web/campioncini/card2021/BERTINATO.png,2,0,0,0,32,0,135,1,1,0,0.0,0.0,0.0,50.0
0,Boer,Roma,https://content.fantacalcio.it/web/campioncini/card2021/BOER.png,5,0,0,1,31,0,388,4,0,0,0.0,0.0,0.0,80.0
0,Furlan,Empoli,https://content.fantacalcio.it/web/campioncini/card2021/FURLAN.png,1,0,0,1,31,0,332,1,0,0,0.0,0.0,0.0,100.0
0,Fuzato,Roma,https://content.fantacalcio.it/web/campioncini/card2021/FUZATO.png,5,0,0,2,30,0,388,4,0,0,0.0,0.0,0.0,80.0
0,Gasparini,Udinese,https://content.fantacalcio.it/web/campioncini/card2021/NO-CAMPIONCINO.png,24,0,0,0,32,0,2175,7,1,0,0.0,0.0,0.0,29.17
0,Marchetti,Genoa,https://content.fantacalcio.it/web/campioncini/card2021/MARCHETTI.png,6,0,0,0,32,0,434,5,1,0,0.0,0.0,0.0,83.33
0,Marfella,Napoli,https://content.fantacalcio.it/web/campioncini/card2021/MARFELLA.png,1,0,0,0,32,0,307,0,1,0,0.0,0.0,0.0,0.0
0,Mirante,Milan,https://content.fantacalcio.it/web/campioncini/card2021/MIRANTE.png,12,0,0,0,32,0,1126,9,2,0,0.0,0.0,0.0,75.0
0,Molla,Bologna,https://content.fantacalcio.it/web/campioncini/card2021/MOLLA.png,28,0,0,2,30,0,2305,15,6,0,0.0,0.0,0.0,53.57
0,Neri,Venezia,https://content.fantacalcio.it/web/campioncini/card2021/NO-CAMPIONCINO.png,2,0,0,0,32,0,135,1,1,0,0.0,0.0,0.0,50.0
0,Piana,Udinese,https://content.fantacalcio.it/web/campioncini/card2021/PIANA.png,24,0,0,0,32,0,2175,7,1,0,0.0,0.0,0.0,29.17
0,Pinsoglio,Juventus,https://content.fantacalcio.it/web/campioncini/card2021/PINSOGLIO.png,1,0,0,2,30,0,97,1,0,0,0.0,0.0,0.0,100.0
0,Ravaglia,Sampdoria,https://content.fantacalcio.it/web/campioncini/card2021/RAVAGLIA.png,4,0,0,0,32,0,440,1,3,0,0.0,0.0,0.0,25.0
0,Rosati,Fiorentina,https://content.fantacalcio.it/web/campioncini/card2021/ROSATI.png,1,0,0,0,32,0,220,0,1,0,0.0,0.0,0.0,0.0
0,Santurro,Udinese,https://content.fantacalcio.it/web/campioncini/card2021/NO-CAMPIONCINO.png,24,0,0,2,30,0,2175,7,1,0,0.0,0.0,0.0,29.17
0,Satalino,Sassuolo,https://content.fantacalcio.it/web/campioncini/card2021/SATALINO.png,3,0,0,0,32,0,435,2,2,0,0.0,0.0,0.0,66.67
0,Semper,Genoa,https://content.fantacalcio.it/web/campioncini/card2021/SEMPER.png,6,0,0,0,32,0,434,5,1,0,0.0,0.0,0.0,83.33
0,Ujkani,Empoli,https://content.fantacalcio.it/web/campioncini/card2021/UJKANI.png,1,0,0,0,32,0,332,1,0,0,0.0,0.0,0.0,100.0
0,Ballarini,Udinese,https://content.fantacalcio.it/web/campioncini/card2021/BALLARINI.png,24,0,0,0,32,0,2175,7,1,0,0.0,0.0,0.0,29.17
0,Benkovic,Udinese,https://content.fantacalcio.it/web/campioncini/card2021/NO-CAMPIONCINO.png,24,0,0,0,32,0,2175,7,1,0,0.0,0.0,0.0,29.17
0,Ceppitelli,Cagliari,https://content.fantacalcio.it/web/campioncini/card2021/CEPPITELLI.png,12,8,0,6,6,20,1137,4,2,0,5.0,10.0,53.12,33.33
0,Czyborra,Genoa,https://content.fantacalcio.it/web/campioncini/card2021/CZYBORRA.png,6,0,0,2,30,0,434,5,1,0,0.0,0.0,0.0,83.33
0,De-Winter,Juventus,https://content.fantacalcio.it/web/campioncini/card2021/NO-CAMPIONCINO.png,1,0,0,0,32,0,97,1,0,0,0.0,0.0,0.0,100.0
0,Gabbia,Milan,https://content.fantacalcio.it/web/campioncini/card2021/GABBIA.png,5,1,0,0,26,6,462,2,3,0,0.0,50.0,18.75,40.0
0,Kamenovic,Lazio,https://content.fantacalcio.it/web/campioncini/card2021/KAMENOVIC.png,25,0,0,0,32,0,2243,3,4,1,0.0,0.0,0.0,12.0
0,Romagna,Sassuolo,https://content.fantacalcio.it/web/campioncini/card2021/ROMAGNA.png,3,0,0,0,32,0,435,2,2,0,0.0,0.0,0.0,66.67
0,Spinazzola,Roma,https://content.fantacalcio.it/web/campioncini/card2021/SPINAZZOLA.png,5,0,0,32,0,0,388,4,0,0,0.0,0.0,0.0,80.0
0,Bianco,Fiorentina,https://content.fantacalcio.it/web/campioncini/card2021/BIANCO.png,1,0,0,0,32,0,220,0,1,0,0.0,0.0,0.0,0.0
0,Obiang,Sassuolo,https://content.fantacalcio.it/web/campioncini/card2021/OBIANG.png,3,0,0,32,0,0,435,2,2,0,0.0,0.0,0.0,66.67
0,Palumbo,Juventus,https://content.fantacalcio.it/web/campioncini/card2021/PALUMBO.png,1,0,0,0,32,0,97,1,0,0,0.0,0.0,0.0,100.0
0,Pecile,Venezia,https://content.fantacalcio.it/web/campioncini/card2021/PECILE.png,2,0,0,0,32,0,135,1,1,0,0.0,0.0,0.0,50.0
0,Rojas,Bologna,https://content.fantacalcio.it/web/campioncini/card2021/NO-CAMPIONCINO.png,28,0,0,0,32,0,2305,15,6,0,0.0,0.0,0.0,53.57
0,Edera,Torino,https://content.fantacalcio.it/web/campioncini/card2021/EDERA.png,11,0,0,0,32,0,1000,7,4,0,0.0,0.0,0.0,63.64
0,Lazetic,Milan,https://content.fantacalcio.it/web/campioncini/card2021/NO-CAMPIONCINO.png,12,0,0,0,32,0,1126,9,2,0,0.0,0.0,0.0,75.0
0,Munteanu,Fiorentina,https://content.fantacalcio.it/web/campioncini/card2021/MUNTEANU.png,1,0,0,0,32,0,220,0,1,0,0.0,0.0,0.0,0.0
0,Pjaca,Torino,https://content.fantacalcio.it/web/campioncini/card2021/PJACA.png,11,10,0,6,5,21,1008,7,0,0,14.29,0.0,53.12,63.64
0,Quagliarella,Sampdoria,https://content.fantacalcio.it/web/campioncini/card2021/QUAGLIARELLA.png,17,11,0,2,2,28,1504,10,2,0,10.71,7.14,84.38,58.82
0,Bardi,Bologna,https://content.fantacalcio.it/web/campioncini/card2021/BARDI.png,28,0,0,0,32,0,2305,15,6,0,0.0,0.0,0.0,53.57
0,Cordaz,Inter,https://content.fantacalcio.it/web/campioncini/card2021/CORDAZ.png,0,0,0,2,30,0,38,0,0,0,0.0,0.0,0.0,0.0
0,Bardi,Bologna,https://content.fantacalcio.it/web/campioncini/card2021/BARDI.png,28,0,0,0,32,0,2305,15,6,0,0.0,0.0,0.0,53.57
0,Cordaz,Inter,https://content.fantacalcio.it/web/campioncini/card2021/CORDAZ.png,0,0,0,2,30,0,38,0,0,0,0.0,0.0,0.0,0.0
0,Radu-I,Inter,https://content.fantacalcio.it/web/campioncini/card2021/RADU-I.png,0,0,0,0,32,0,38,0,0,0,0.0,0.0,0.0,0.0
0,Rossi-F,Atalanta,https://content.fantacalcio.it/web/campioncini/card2021/ROSSI-F.png,0,1,0,0,31,1,36,0,0,0,0.0,100.0,3.12,0.0
0,Russo,Salernitana,https://content.fantacalcio.it/web/campioncini/card2021/RUSSO.png,0,0,0,0,32,0,28,0,0,0,0.0,0.0,0.0,0.0
0,Zovko,Spezia,https://content.fantacalcio.it/web/campioncini/card2021/ZOVKO.png,0,0,0,0,32,0,45,0,0,0,0.0,0.0,0.0,0.0
0,Frabotta,Verona,https://content.fantacalcio.it/web/campioncini/card2021/FRABOTTA.png,0,1,0,22,9,1,1,0,0,0,0.0,0.0,0.0,0.0
0,Kasius,Bologna,https://content.fantacalcio.it/web/campioncini/card2021/NO-CAMPIONCINO.png,0,4,0,0,28,4,88,0,0,0,0.0,0.0,9.38,0.0
0,Kolarov,Inter,https://content.fantacalcio.it/web/campioncini/card2021/KOLAROV.png,0,3,0,2,27,3,38,0,0,0,0.0,0.0,3.12,0.0
0,Peluso,Sassuolo,https://content.fantacalcio.it/web/campioncini/card2021/PELUSO.png,0,1,0,3,28,1,1,0,0,0,0.0,0.0,0.0,0.0
0,Ruan,Sassuolo,https://content.fantacalcio.it/web/campioncini/card2021/NO-CAMPIONCINO.png,0,7,0,0,25,7,123,0,0,0,0.0,0.0,9.38,0.0
0,Tuanzebe,Napoli,https://content.fantacalcio.it/web/campioncini/card2021/TUANZEBE.png,0,1,0,3,28,1,10,0,0,0,0.0,0.0,0.0,0.0
0,Bove,Roma,https://content.fantacalcio.it/web/campioncini/card2021/BOVE.png,0,10,0,0,22,10,53,0,0,0,10.0,0.0,6.25,0.0
0,Leo-Sena,Spezia,https://content.fantacalcio.it/web/campioncini/card2021/LEO-SENA.png,0,0,0,32,0,0,45,0,0,0,0.0,0.0,0.0,0.0
0,Nguiamba,Spezia,https://content.fantacalcio.it/web/campioncini/card2021/NO-CAMPIONCINO.png,0,2,0,5,25,2,32,0,1,0,0.0,50.0,3.12,0.0
0,Praszelik,Verona,https://content.fantacalcio.it/web/campioncini/card2021/NO-CAMPIONCINO.png,0,2,0,1,29,2,23,0,0,0,0.0,0.0,3.12,0.0
0,Rog,Cagliari,https://content.fantacalcio.it/web/campioncini/card2021/ROG.png,0,2,0,30,0,2,57,0,0,0,0.0,0.0,6.25,0.0
0,Romero-L,Lazio,https://content.fantacalcio.it/web/campioncini/card2021/ROMERO-L.png,0,4,0,0,28,4,47,0,0,0,0.0,0.0,3.12,0.0
0,Samardzic,Udinese,https://content.fantacalcio.it/web/campioncini/card2021/SAMARDZIC.png,0,15,0,1,16,15,188,0,0,0,20.0,0.0,18.75,0.0
0,Sher,Spezia,https://content.fantacalcio.it/web/campioncini/card2021/SHER.png,0,1,0,7,24,1,45,0,0,0,0.0,0.0,3.12,0.0
0,Sigurdsson-A,Venezia,https://content.fantacalcio.it/web/campioncini/card2021/SIGURDSSON-A.png,0,9,0,6,17,9,174,0,0,0,0.0,0.0,18.75,0.0
0,Vieira,Sampdoria,https://content.fantacalcio.it/web/campioncini/card2021/VIEIRA.png,0,9,0,11,12,9,152,0,0,0,0.0,0.0,18.75,0.0
0,Volpato,Roma,https://content.fantacalcio.it/web/campioncini/card2021/NO-CAMPIONCINO.png,0,2,0,0,30,2,29,0,0,0,50.0,0.0,3.12,0.0
0,Yepes,Sampdoria,https://content.fantacalcio.it/web/campioncini/card2021/YEPES.png,0,3,0,0,29,3,11,0,0,0,0.0,0.0,0.0,0.0
0,Ake-M,Juventus,https://content.fantacalcio.it/web/campioncini/card2021/NO-CAMPIONCINO.png,0,1,0,3,28,1,4,0,0,0,0.0,0.0,0.0,0.0
0,Buksa,Genoa,https://content.fantacalcio.it/web/campioncini/card2021/BUKSA.png,0,4,0,0,28,4,62,0,0,0,0.0,0.0,3.12,0.0
0,Ceide,Sassuolo,https://content.fantacalcio.it/web/campioncini/card2021/NO-CAMPIONCINO.png,0,4,0,0,28,4,14,0,0,0,0.0,0.0,0.0,0.0
0,Ceter,Cagliari,https://content.fantacalcio.it/web/campioncini/card2021/CETER.png,0,1,0,20,11,1,5,0,0,0,0.0,0.0,0.0,0.0
0,Cisse-M,Atalanta,https://content.fantacalcio.it/web/campioncini/card2021/NO-CAMPIONCINO.png,0,2,0,0,30,2,32,0,0,0,50.0,0.0,3.12,0.0
0,Falcinelli,Bologna,https://content.fantacalcio.it/web/campioncini/card2021/FALCINELLI.png,0,5,0,0,27,5,58,0,0,0,0.0,0.0,6.25,0.0
0,Gagliano,Cagliari,https://content.fantacalcio.it/web/campioncini/card2021/no-campioncino.png,0,2,0,2,28,2,11,0,0,0,0.0,0.0,0.0,0.0
0,Giovinco,Sampdoria,https://content.fantacalcio.it/web/campioncini/card2021/GIOVINCO.png,0,2,0,1,29,2,37,0,0,0,0.0,0.0,6.25,0.0
0,Jovane,Lazio,https://content.fantacalcio.it/web/campioncini/card2021/NO-CAMPIONCINO.png,0,1,0,0,31,1,67,0,0,0,0.0,0.0,3.12,0.0
0,Kaio-Jorge,Juventus,https://content.fantacalcio.it/web/campioncini/card2021/KAIO-JORGE.png,0,8,0,11,13,8,114,1,0,0,0.0,0.0,6.25,0.0
0,Kokorin,Fiorentina,https://content.fantacalcio.it/web/campioncini/card2021/KOKORIN.png,0,6,0,1,25,6,50,0,1,0,0.0,16.67,6.25,0.0
0,Mihaila,Atalanta,https://content.fantacalcio.it/web/campioncini/card2021/NO-CAMPIONCINO.png,0,4,0,0,28,4,72,0,0,0,0.0,0.0,6.25,0.0
0,Mikael,Salernitana,https://content.fantacalcio.it/web/campioncini/card2021/NO-CAMPIONCINO.png,0,5,0,0,27,5,56,0,0,0,0.0,0.0,9.38,0.0
0,Nestorovski,Udinese,https://content.fantacalcio.it/web/campioncini/card2021/NESTOROVSKI.png,0,2,0,8,22,2,26,0,1,0,0.0,50.0,3.12,0.0
0,Oddei,Sassuolo,https://content.fantacalcio.it/web/campioncini/card2021/ODDEI.png,0,2,0,0,30,2,7,0,0,0,0.0,0.0,0.0,0.0
0,Santander,Bologna,https://content.fantacalcio.it/web/campioncini/card2021/SANTANDER.png,0,7,0,9,16,7,61,0,1,0,14.29,14.29,6.25,0.0
0,Seck,Torino,https://content.fantacalcio.it/web/campioncini/card2021/NO-CAMPIONCINO.png,0,2,0,0,30,2,11,0,0,0,0.0,0.0,0.0,0.0
0,Supryaga,Sampdoria,https://content.fantacalcio.it/web/campioncini/card2021/NO-CAMPIONCINO.png,0,0,0,1,31,0,23,1,0,0,0.0,0.0,3.12,0.0
0,Adamonis,Lazio,https://content.fantacalcio.it/web/campioncini/card2021/ADAMONIS.png,25,0,0,0,32,0,2243,3,4,1,0.0,0.0,0.0,12.0
0,Aresti,Cagliari,https://content.fantacalcio.it/web/campioncini/card2021/ARESTI.png,3,0,0,1,31,0,273,2,0,0,0.0,0.0,0.0,66.67
0,Audero,Sampdoria,https://content.fantacalcio.it/web/campioncini/card2021/AUDERO.png,23,0,0,2,7,23,2025,1,1,0,0.0,82.61,71.88,4.35
0,Bardi,Bologna,https://content.fantacalcio.it/web/campioncini/card2021/BARDI.png,28,0,0,0,32,0,2305,15,6,0,0.0,0.0,0.0,53.57
0,Belec,Salernitana,https://content.fantacalcio.it/web/campioncini/card2021/BELEC.png,20,0,0,0,12,20,1800,0,0,0,0.0,95.0,62.5,0.0
0,Berardi-A,Verona,https://content.fantacalcio.it/web/campioncini/card2021/BERARDI-A.png,21,0,0,2,30,0,2085,9,3,0,0.0,0.0,0.0,42.86
0,Berisha,Torino,https://content.fantacalcio.it/web/campioncini/card2021/BERISHA.png,5,0,0,0,27,5,450,0,1,0,0.0,60.0,15.62,0.0
0,Bertinato,Venezia,https://content.fantacalcio.it/web/campioncini/card2021/BERTINATO.png,2,0,0,0,32,0,135,1,1,0,0.0,0.0,0.0,50.0
0,Boer,Roma,https://content.fantacalcio.it/web/campioncini/card2021/BOER.png,5,0,0,1,31,0,388,4,0,0,0.0,0.0,0.0,80.0
0,Consigli,Sassuolo,https://content.fantacalcio.it/web/campioncini/card2021/CONSIGLI.png,31,0,0,0,1,31,2790,0,2,0,3.23,90.32,96.88,0.0
0,Cordaz,Inter,https://content.fantacalcio.it/web/campioncini/card2021/CORDAZ.png,0,0,0,2,30,0,38,0,0,0,0.0,0.0,0.0,0.0
0,Cragno,Cagliari,https://content.fantacalcio.it/web/campioncini/card2021/CRAGNO.png,29,0,0,3,0,29,2610,0,2,0,6.9,100.0,90.62,0.0
0,Dragowski,Fiorentina,https://content.fantacalcio.it/web/campioncini/card2021/DRAGOWSKI.png,7,0,1,8,16,7,557,0,0,1,14.29,71.43,21.88,0.0
0,Falcone,Sampdoria,https://content.fantacalcio.it/web/campioncini/card2021/FALCONE.png,9,1,0,1,21,10,855,0,2,0,0.0,80.0,31.25,0.0
0,Fiorillo,Salernitana,https://content.fantacalcio.it/web/campioncini/card2021/FIORILLO.png,1,0,0,0,31,1,90,0,0,0,0.0,100.0,3.12,0.0
0,Furlan,Empoli,https://content.fantacalcio.it/web/campioncini/card2021/FURLAN.png,1,0,0,1,31,0,332,1,0,0,0.0,0.0,0.0,100.0
0,Fuzato,Roma,https://content.fantacalcio.it/web/campioncini/card2021/FUZATO.png,5,0,0,2,30,0,388,4,0,0,0.0,0.0,0.0,80.0
0,Gasparini,Udinese,https://content.fantacalcio.it/web/campioncini/card2021/NO-CAMPIONCINO.png,24,0,0,0,32,0,2175,7,1,0,0.0,0.0,0.0,29.17
0,Gemello,Torino,https://content.fantacalcio.it/web/campioncini/card2021/GEMELLO.png,1,0,0,0,31,1,90,0,0,0,0.0,0.0,3.12,0.0
0,Handanovic,Inter,https://content.fantacalcio.it/web/campioncini/card2021/HANDANOVIC.png,31,0,0,0,1,31,2790,0,1,0,0.0,54.84,96.88,0.0
0,Lezzerini,Venezia,https://content.fantacalcio.it/web/campioncini/card2021/LEZZERINI.png,6,0,0,17,9,6,495,1,2,0,0.0,100.0,18.75,16.67
0,Maenpaa,Venezia,https://content.fantacalcio.it/web/campioncini/card2021/MAENPAA.png,9,1,0,4,18,10,855,0,1,0,0.0,100.0,31.25,0.0
0,Maignan,Milan,https://content.fantacalcio.it/web/campioncini/card2021/MAIGNAN.png,26,0,0,6,0,26,2340,0,1,0,3.85,53.85,81.25,0.0
0,Marchetti,Genoa,https://content.fantacalcio.it/web/campioncini/card2021/MARCHETTI.png,6,0,0,0,32,0,434,5,1,0,0.0,0.0,0.0,83.33
0,Marfella,Napoli,https://content.fantacalcio.it/web/campioncini/card2021/MARFELLA.png,1,0,0,0,32,0,307,0,1,0,0.0,0.0,0.0,0.0
0,Meret,Napoli,https://content.fantacalcio.it/web/campioncini/card2021/MERET.png,4,0,0,6,22,4,360,0,0,0,0.0,50.0,12.5,0.0
0,Milinkovic-Savic-V,Torino,https://content.fantacalcio.it/web/campioncini/card2021/MILINKOVIC-SAVIC-V.png,25,0,0,1,6,25,2250,0,3,0,4.0,84.0,78.12,0.0
0,Mirante,Milan,https://content.fantacalcio.it/web/campioncini/card2021/MIRANTE.png,12,0,0,0,32,0,1126,9,2,0,0.0,0.0,0.0,75.0
0,Molla,Bologna,https://content.fantacalcio.it/web/campioncini/card2021/MOLLA.png,28,0,0,2,30,0,2305,15,6,0,0.0,0.0,0.0,53.57
0,Montipo,Verona,https://content.fantacalcio.it/web/campioncini/card2021/MONTIPO.png,29,0,0,2,1,29,2610,0,1,0,0.0,86.21,90.62,0.0
0,Musso,Atalanta,https://content.fantacalcio.it/web/campioncini/card2021/MUSSO.png,26,0,1,1,4,26,2302,0,1,1,0.0,69.23,81.25,0.0
0,Neri,Venezia,https://content.fantacalcio.it/web/campioncini/card2021/NO-CAMPIONCINO.png,2,0,0,0,32,0,135,1,1,0,0.0,0.0,0.0,50.0
0,Ospina,Napoli,https://content.fantacalcio.it/web/campioncini/card2021/OSPINA.png,28,0,0,1,3,28,2520,0,1,0,0.0,60.71,87.5,0.0
0,Padelli,Udinese,https://content.fantacalcio.it/web/campioncini/card2021/PADELLI.png,2,0,0,0,30,2,180,0,0,0,0.0,100.0,6.25,0.0
0,Pandur,Verona,https://content.fantacalcio.it/web/campioncini/card2021/PANDUR.png,3,0,0,9,20,3,270,0,0,0,0.0,100.0,9.38,0.0
0,Pegolo,Sassuolo,https://content.fantacalcio.it/web/campioncini/card2021/PEGOLO.png,1,0,0,0,31,1,90,0,0,0,0.0,100.0,3.12,0.0
0,Perin,Juventus,https://content.fantacalcio.it/web/campioncini/card2021/PERIN.png,3,0,0,0,29,3,270,0,0,0,0.0,66.67,9.38,0.0
0,Piana,Udinese,https://content.fantacalcio.it/web/campioncini/card2021/PIANA.png,24,0,0,0,32,0,2175,7,1,0,0.0,0.0,0.0,29.17
0,Pinsoglio,Juventus,https://content.fantacalcio.it/web/campioncini/card2021/PINSOGLIO.png,1,0,0,2,30,0,97,1,0,0,0.0,0.0,0.0,100.0
0,Provedel,Spezia,https://content.fantacalcio.it/web/campioncini/card2021/PROVEDEL.png,25,0,0,0,7,25,2250,0,2,0,0.0,72.0,78.12,0.0
0,Radu-I,Inter,https://content.fantacalcio.it/web/campioncini/card2021/RADU-I.png,0,0,0,0,32,0,38,0,0,0,0.0,0.0,0.0,0.0
0,Radunovic,Cagliari,https://content.fantacalcio.it/web/campioncini/card2021/RADUNOVIC.png,3,0,0,0,29,3,270,0,0,0,33.33,66.67,9.38,0.0
0,Ravaglia,Sampdoria,https://content.fantacalcio.it/web/campioncini/card2021/RAVAGLIA.png,4,0,0,0,32,0,440,1,3,0,0.0,0.0,0.0,25.0
0,Reina,Lazio,https://content.fantacalcio.it/web/campioncini/card2021/REINA.png,15,0,0,0,17,15,1350,0,3,0,6.67,86.67,46.88,0.0
0,Romero-S,Venezia,https://content.fantacalcio.it/web/campioncini/card2021/ROMERO-S.png,16,0,0,5,11,16,1440,0,2,0,0.0,87.5,50.0,0.0
0,Rosati,Fiorentina,https://content.fantacalcio.it/web/campioncini/card2021/ROSATI.png,1,0,0,0,32,0,220,0,1,0,0.0,0.0,0.0,0.0
0,Rossi-F,Atalanta,https://content.fantacalcio.it/web/campioncini/card2021/ROSSI-F.png,0,1,0,0,31,1,36,0,0,0,0.0,100.0,3.12,0.0
0,Rui-Patricio,Roma,https://content.fantacalcio.it/web/campioncini/card2021/RUI-PATRICIO.png,32,0,0,0,0,32,2880,0,2,0,3.12,59.38,100.0,0.0
0,Russo,Salernitana,https://content.fantacalcio.it/web/campioncini/card2021/RUSSO.png,0,0,0,0,32,0,28,0,0,0,0.0,0.0,0.0,0.0
0,Santurro,Udinese,https://content.fantacalcio.it/web/campioncini/card2021/NO-CAMPIONCINO.png,24,0,0,2,30,0,2175,7,1,0,0.0,0.0,0.0,29.17
0,Satalino,Sassuolo,https://content.fantacalcio.it/web/campioncini/card2021/SATALINO.png,3,0,0,0,32,0,435,2,2,0,0.0,0.0,0.0,66.67
0,Semper,Genoa,https://content.fantacalcio.it/web/campioncini/card2021/SEMPER.png,6,0,0,0,32,0,434,5,1,0,0.0,0.0,0.0,83.33
0,Sepe,Salernitana,https://content.fantacalcio.it/web/campioncini/card2021/SEPE.png,9,0,0,0,23,9,810,0,1,0,0.0,100.0,28.12,0.0
0,Silvestri,Udinese,https://content.fantacalcio.it/web/campioncini/card2021/SILVESTRI.png,28,0,0,1,3,28,2520,0,1,0,0.0,78.57,87.5,0.0
0,Sirigu,Genoa,https://content.fantacalcio.it/web/campioncini/card2021/SIRIGU.png,32,0,0,0,0,32,2880,0,0,0,3.12,71.88,100.0,0.0
0,Skorupski,Bologna,https://content.fantacalcio.it/web/campioncini/card2021/SKORUPSKI.png,31,0,0,0,1,31,2790,0,3,0,0.0,67.74,96.88,0.0
0,Sportiello,Atalanta,https://content.fantacalcio.it/web/campioncini/card2021/SPORTIELLO.png,5,0,0,1,26,5,450,0,1,0,0.0,60.0,15.62,0.0
0,Strakosha,Lazio,https://content.fantacalcio.it/web/campioncini/card2021/STRAKOSHA.png,17,0,0,0,15,17,1530,0,1,0,0.0,70.59,53.12,0.0
0,Szczesny,Juventus,https://content.fantacalcio.it/web/campioncini/card2021/SZCZESNY.png,29,0,0,0,3,29,2610,0,2,0,10.34,62.07,90.62,0.0
0,Tatarusanu,Milan,https://content.fantacalcio.it/web/campioncini/card2021/TATARUSANU.png,6,0,0,2,24,6,540,0,0,0,16.67,83.33,18.75,0.0
0,Terracciano,Fiorentina,https://content.fantacalcio.it/web/campioncini/card2021/TERRACCIANO.png,24,1,0,1,6,25,2230,0,0,0,4.0,76.0,78.12,0.0
0,Ujkani,Empoli,https://content.fantacalcio.it/web/campioncini/card2021/UJKANI.png,1,0,0,0,32,0,332,1,0,0,0.0,0.0,0.0,100.0
0,Vicario,Empoli,https://content.fantacalcio.it/web/campioncini/card2021/VICARIO.png,32,0,0,0,0,32,2880,0,0,0,3.12,81.25,100.0,0.0
0,Zoet,Spezia,https://content.fantacalcio.it/web/campioncini/card2021/ZOET.png,7,0,0,0,25,7,630,0,0,0,14.29,100.0,21.88,0.0
0,Zovko,Spezia,https://content.fantacalcio.it/web/campioncini/card2021/ZOVKO.png,0,0,0,0,32,0,45,0,0,0,0.0,0.0,0.0,0.0
0,Acerbi,Lazio,https://content.fantacalcio.it/web/campioncini/card2021/ACERBI.png,23,1,2,6,0,24,1990,1,1,1,12.5,4.17,71.88,4.35
0,Aina,Torino,https://content.fantacalcio.it/web/campioncini/card2021/AINA.png,13,4,0,0,15,17,1097,9,4,0,0.0,23.53,50.0,69.23
0,Alex-Sandro,Juventus,https://content.fantacalcio.it/web/campioncini/card2021/ALEX-SANDRO.png,14,8,0,3,7,22,1425,4,2,0,0.0,9.09,65.62,28.57
0,Altare,Cagliari,https://content.fantacalcio.it/web/campioncini/card2021/ALTARE.png,11,2,0,1,18,13,939,4,4,0,0.0,30.77,40.62,36.36
0,Amian,Spezia,https://content.fantacalcio.it/web/campioncini/card2021/AMIAN.png,25,1,3,2,1,26,2110,3,6,2,3.85,30.77,81.25,12.0
0,Ampadu,Venezia,https://content.fantacalcio.it/web/campioncini/card2021/AMPADU.png,21,3,2,0,6,24,1840,7,10,1,12.5,41.67,75.0,33.33
0,Ansaldi,Torino,https://content.fantacalcio.it/web/campioncini/card2021/ANSALDI.png,4,10,0,8,10,14,523,2,1,0,14.29,7.14,34.38,50.0
0,Augello,Sampdoria,https://content.fantacalcio.it/web/campioncini/card2021/AUGELLO.png,20,10,0,2,0,30,1917,9,0,0,3.33,0.0,87.5,45.0
0,Ayhan,Sassuolo,https://content.fantacalcio.it/web/campioncini/card2021/AYHAN.png,11,8,1,2,10,19,1029,1,1,1,5.26,10.53,43.75,9.09
0,Ballarini,Udinese,https://content.fantacalcio.it/web/campioncini/card2021/BALLARINI.png,24,0,0,0,32,0,2175,7,1,0,0.0,0.0,0.0,29.17
0,Ballo-Toure,Milan,https://content.fantacalcio.it/web/campioncini/card2021/BALLO-TOURE.png,5,4,0,2,21,9,440,3,2,0,0.0,22.22,21.88,60.0
0,Bani,Genoa,https://content.fantacalcio.it/web/campioncini/card2021/BANI.png,8,4,1,10,9,12,762,4,1,0,0.0,8.33,37.5,50.0
0,Bastoni,Inter,https://content.fantacalcio.it/web/campioncini/card2021/BASTONI.png,26,1,2,1,2,27,2091,13,4,1,7.41,14.81,84.38,50.0
0,Bastoni-S,Spezia,https://content.fantacalcio.it/web/campioncini/card2021/BASTONI-S.png,24,4,1,2,1,28,2165,6,3,1,21.43,14.29,84.38,25.0
0,Bellanova,Cagliari,https://content.fantacalcio.it/web/campioncini/card2021/BELLANOVA.png,21,4,0,1,6,25,1984,5,3,0,8.0,12.0,78.12,23.81
0,Benkovic,Udinese,https://content.fantacalcio.it/web/campioncini/card2021/NO-CAMPIONCINO.png,24,0,0,0,32,0,2175,7,1,0,0.0,0.0,0.0,29.17
0,Bereszynski,Sampdoria,https://content.fantacalcio.it/web/campioncini/card2021/BERESZYNSKI.png,29,0,2,1,0,29,2416,10,11,0,10.34,37.93,90.62,34.48
0,Binks,Bologna,https://content.fantacalcio.it/web/campioncini/card2021/BINKS.png,5,8,0,0,19,13,539,2,3,0,0.0,23.08,28.12,40.0
0,Biraghi,Fiorentina,https://content.fantacalcio.it/web/campioncini/card2021/BIRAGHI.png,30,0,1,0,1,30,2560,9,3,1,13.33,16.67,93.75,30.0
0,Bonifazi,Bologna,https://content.fantacalcio.it/web/campioncini/card2021/BONIFAZI.png,11,7,1,5,8,18,944,4,2,1,0.0,22.22,43.75,36.36
0,Bonucci,Juventus,https://content.fantacalcio.it/web/campioncini/card2021/BONUCCI.png,17,1,0,8,6,18,1523,1,1,0,11.11,5.56,53.12,5.88
0,Bremer,Torino,https://content.fantacalcio.it/web/campioncini/card2021/BREMER.png,29,0,1,1,1,29,2548,3,6,0,13.79,20.69,90.62,10.34
0,Buongiorno,Torino,https://content.fantacalcio.it/web/campioncini/card2021/BUONGIORNO.png,11,8,0,0,13,19,1000,7,4,0,5.26,21.05,46.88,63.64
0,Cacace,Empoli,https://content.fantacalcio.it/web/campioncini/card2021/CACACE.png,3,3,0,0,26,6,259,2,1,0,0.0,16.67,12.5,66.67
0,Calabria,Milan,https://content.fantacalcio.it/web/campioncini/card2021/CALABRIA.png,19,2,0,9,2,21,1690,5,2,0,19.05,9.52,65.62,26.32
0,Calafiori,Genoa,https://content.fantacalcio.it/web/campioncini/card2021/CALAFIORI.png,3,6,0,2,21,9,250,3,3,0,11.11,33.33,12.5,100.0
0,Caldara,Venezia,https://content.fantacalcio.it/web/campioncini/card2021/CALDARA.png,24,1,2,0,5,25,2163,0,9,0,4.0,36.0,75.0,0.0
0,Cambiaso,Genoa,https://content.fantacalcio.it/web/campioncini/card2021/CAMBIASO.png,21,3,1,5,2,24,1757,9,3,1,16.67,16.67,75.0,42.86
0,Carboni,Cagliari,https://content.fantacalcio.it/web/campioncini/card2021/CARBONI.png,22,3,1,0,6,25,1895,7,5,0,0.0,24.0,75.0,31.82
0,Casale,Verona,https://content.fantacalcio.it/web/campioncini/card2021/CASALE.png,25,5,1,1,0,30,2108,11,7,0,3.33,23.33,87.5,44.0
0,Ceccaroni,Venezia,https://content.fantacalcio.it/web/campioncini/card2021/CECCARONI.png,28,0,2,0,2,28,2492,0,6,1,10.71,25.0,87.5,0.0
0,Ceccherini,Verona,https://content.fantacalcio.it/web/campioncini/card2021/CECCHERINI.png,23,5,2,0,2,28,1937,12,8,1,0.0,32.14,87.5,52.17
0,Ceppitelli,Cagliari,https://content.fantacalcio.it/web/campioncini/card2021/CEPPITELLI.png,12,8,0,6,6,20,1137,4,2,0,5.0,10.0,53.12,33.33
0,Chiellini,Juventus,https://content.fantacalcio.it/web/campioncini/card2021/CHIELLINI.png,13,3,0,9,7,16,1169,2,2,0,0.0,12.5,46.88,15.38
0,Chiriches,Sassuolo,https://content.fantacalcio.it/web/campioncini/card2021/CHIRICHES.png,23,2,0,1,6,25,1986,5,4,0,0.0,16.0,71.88,21.74
0,Colley,Sampdoria,https://content.fantacalcio.it/web/campioncini/card2021/COLLEY.png,26,1,1,0,4,27,2299,4,5,0,0.0,18.52,81.25,15.38
0,Conti,Sampdoria,https://content.fantacalcio.it/web/campioncini/card2021/CONTI.png,2,5,0,2,23,7,234,1,1,0,14.29,14.29,12.5,50.0
0,Coppola-D,Verona,https://content.fantacalcio.it/web/campioncini/card2021/NO-CAMPIONCINO.png,2,1,0,0,29,3,159,1,0,0,0.0,0.0,6.25,50.0
0,Criscito,Genoa,https://content.fantacalcio.it/web/campioncini/card2021/CRISCITO.png,15,1,0,13,3,16,1326,2,3,0,31.25,18.75,50.0,13.33
0,Cuadrado,Juventus,https://content.fantacalcio.it/web/campioncini/card2021/CUADRADO.png,25,5,0,1,1,30,2254,9,7,0,23.33,23.33,90.62,36.0
0,Czyborra,Genoa,https://content.fantacalcio.it/web/campioncini/card2021/CZYBORRA.png,6,0,0,2,30,0,434,5,1,0,0.0,0.0,0.0,83.33
0,Dalbert,Cagliari,https://content.fantacalcio.it/web/campioncini/card2021/DALBERT.png,23,1,1,5,2,24,1737,16,9,0,8.33,37.5,75.0,69.57
0,Dambrosio,Inter,https://content.fantacalcio.it/web/campioncini/card2021/D-AMBROSIO.png,8,7,0,0,17,15,827,1,2,0,6.67,13.33,31.25,12.5
0,Danilo,Juventus,https://content.fantacalcio.it/web/campioncini/card2021/DANILO.png,19,0,1,8,4,19,1625,2,6,0,10.53,31.58,56.25,10.53
0,Darmian,Inter,https://content.fantacalcio.it/web/campioncini/card2021/DARMIAN.png,16,4,0,3,9,20,1321,8,3,0,10.0,15.0,59.38,50.0
0,Dawidowicz,Verona,https://content.fantacalcio.it/web/campioncini/card2021/DAWIDOWICZ.png,13,2,0,16,1,15,1185,1,3,0,0.0,20.0,46.88,7.69
0,De-Ligt,Juventus,https://content.fantacalcio.it/web/campioncini/card2021/DE-LIGT.png,26,1,0,1,4,27,2364,0,1,1,11.11,7.41,84.38,0.0
0,De-Sciglio,Juventus,https://content.fantacalcio.it/web/campioncini/card2021/DE-SCIGLIO.png,10,7,1,7,7,17,899,3,1,1,17.65,11.76,40.62,30.0
0,De-Silvestri,Bologna,https://content.fantacalcio.it/web/campioncini/card2021/DE-SILVESTRI.png,22,3,1,5,1,25,1834,8,6,0,12.0,24.0,78.12,36.36
0,De-Vrij,Inter,https://content.fantacalcio.it/web/campioncini/card2021/DE-VRIJ.png,22,1,0,5,4,23,1881,4,3,0,0.0,17.39,68.75,18.18
0,De-Winter,Juventus,https://content.fantacalcio.it/web/campioncini/card2021/NO-CAMPIONCINO.png,1,0,0,0,32,0,97,1,0,0,0.0,0.0,0.0,100.0
0,Delli-Carri,Salernitana,https://content.fantacalcio.it/web/campioncini/card2021/DELLI-CARRI.png,3,2,0,0,27,5,334,0,1,0,0.0,20.0,15.62,0.0
0,Demiral,Atalanta,https://content.fantacalcio.it/web/campioncini/card2021/DEMIRAL.png,20,1,1,1,9,21,1701,4,7,0,9.52,33.33,62.5,20.0
0,Depaoli,Verona,https://content.fantacalcio.it/web/campioncini/card2021/DEPAOLI.png,6,12,0,3,11,18,572,5,4,0,5.56,22.22,40.62,83.33
0,Di-Lorenzo,Napoli,https://content.fantacalcio.it/web/campioncini/card2021/DI-LORENZO.png,30,0,0,2,0,30,2611,3,3,0,13.33,10.0,93.75,10.0
0,Dijks,Bologna,https://content.fantacalcio.it/web/campioncini/card2021/DIJKS.png,5,8,0,3,16,13,493,3,2,0,7.69,15.38,25.0,60.0
0,Dimarco,Inter,https://content.fantacalcio.it/web/campioncini/card2021/DIMARCO.png,9,18,0,0,5,27,1108,3,1,0,11.11,7.41,62.5,33.33
0,Djidji,Torino,https://content.fantacalcio.it/web/campioncini/card2021/DJIDJI.png,20,0,1,6,5,20,1575,7,4,1,0.0,25.0,62.5,35.0
0,Djimsiti,Atalanta,https://content.fantacalcio.it/web/campioncini/card2021/DJIMSITI.png,20,4,1,5,2,24,1771,5,5,0,4.17,20.83,68.75,25.0
0,Dragusin,Salernitana,https://content.fantacalcio.it/web/campioncini/card2021/DRAGUSIN.png,9,10,0,0,13,19,1094,1,2,0,0.0,10.53,53.12,11.11
0,Dumfries,Inter,https://content.fantacalcio.it/web/campioncini/card2021/DUMFRIES.png,16,11,0,0,5,27,1584,5,2,0,29.63,7.41,81.25,31.25
0,Ebuehi,Venezia,https://content.fantacalcio.it/web/campioncini/card2021/EBUEHI.png,12,5,1,5,9,17,1131,7,1,1,0.0,11.76,53.12,58.33
0,Erlic,Spezia,https://content.fantacalcio.it/web/campioncini/card2021/ERLIC.png,25,0,0,7,0,25,2183,1,4,0,8.0,16.0,78.12,4.0
0,Faraoni,Verona,https://content.fantacalcio.it/web/campioncini/card2021/FARAONI.png,25,2,1,4,0,27,2183,6,4,1,29.63,18.52,84.38,24.0
0,Fares,Torino,https://content.fantacalcio.it/web/campioncini/card2021/FARES.png,11,3,0,20,3,9,1000,7,4,0,22.22,22.22,28.12,63.64
0,Fazio,Salernitana,https://content.fantacalcio.it/web/campioncini/card2021/FAZIO.png,8,0,1,0,23,8,715,0,1,1,0.0,25.0,25.0,0.0
0,Ferrari-A,Sampdoria,https://content.fantacalcio.it/web/campioncini/card2021/FERRARI-A.png,14,3,0,0,15,17,1126,11,2,0,0.0,11.76,50.0,78.57
0,Ferrari-G,Sassuolo,https://content.fantacalcio.it/web/campioncini/card2021/FERRARI-G.png,30,1,1,0,0,31,2685,1,4,1,3.23,16.13,96.88,3.33
0,Ferrer,Spezia,https://content.fantacalcio.it/web/campioncini/card2021/FERRER.png,12,11,0,0,9,23,1216,2,3,0,0.0,13.04,59.38,16.67
0,Fiamozzi,Empoli,https://content.fantacalcio.it/web/campioncini/card2021/FIAMOZZI.png,6,3,0,8,15,9,544,2,1,0,0.0,11.11,21.88,33.33
0,Florenzi,Milan,https://content.fantacalcio.it/web/campioncini/card2021/FLORENZI.png,12,9,0,7,4,21,1126,9,2,0,4.76,9.52,59.38,75.0
0,Frabotta,Verona,https://content.fantacalcio.it/web/campioncini/card2021/FRABOTTA.png,0,1,0,22,9,1,1,0,0,0,0.0,0.0,0.0,0.0
0,Gabbia,Milan,https://content.fantacalcio.it/web/campioncini/card2021/GABBIA.png,5,1,0,0,26,6,462,2,3,0,0.0,50.0,18.75,40.0
0,Gagliolo,Salernitana,https://content.fantacalcio.it/web/campioncini/card2021/GAGLIOLO.png,12,3,0,2,15,15,1109,1,2,0,6.67,13.33,40.62,8.33
0,Ghiglione,Genoa,https://content.fantacalcio.it/web/campioncini/card2021/GHIGLIONE.png,6,7,0,1,18,13,597,3,3,0,7.69,23.08,34.38,50.0
0,Ghoulam,Napoli,https://content.fantacalcio.it/web/campioncini/card2021/GHOULAM.png,2,9,0,2,19,11,210,1,0,0,0.0,0.0,9.38,50.0
0,Goldaniga,Cagliari,https://content.fantacalcio.it/web/campioncini/card2021/GOLDANIGA.png,10,1,0,3,18,11,887,2,3,0,0.0,27.27,31.25,20.0
0,Gosens,Inter,https://content.fantacalcio.it/web/campioncini/card2021/GOSENS.png,5,6,0,20,1,11,576,3,3,0,18.18,27.27,28.12,60.0
0,Gyomber,Salernitana,https://content.fantacalcio.it/web/campioncini/card2021/GYOMBER.png,22,1,1,1,7,23,1873,5,7,0,0.0,30.43,68.75,22.73
0,Haps,Venezia,https://content.fantacalcio.it/web/campioncini/card2021/HAPS.png,18,1,0,6,7,19,1597,3,4,0,10.53,21.05,59.38,16.67
0,Hateboer,Atalanta,https://content.fantacalcio.it/web/campioncini/card2021/HATEBOER.png,10,4,0,14,4,14,932,4,1,0,0.0,7.14,43.75,40.0
0,Hefti,Genoa,https://content.fantacalcio.it/web/campioncini/card2021/NO-CAMPIONCINO.png,10,2,0,0,20,12,964,1,1,0,0.0,8.33,37.5,10.0
0,Hernandez-T,Milan,https://content.fantacalcio.it/web/campioncini/card2021/HERNANDEZ-T.png,24,2,3,2,1,26,2172,2,5,2,26.92,30.77,81.25,8.33
0,Hickey,Bologna,https://content.fantacalcio.it/web/campioncini/card2021/HICKEY.png,28,1,1,2,0,29,2305,15,6,0,17.24,20.69,90.62,53.57
0,Hristov,Spezia,https://content.fantacalcio.it/web/campioncini/card2021/HRISTOV.png,10,4,0,2,16,14,1019,0,3,0,0.0,21.43,40.62,0.0
0,Hysaj,Lazio,https://content.fantacalcio.it/web/campioncini/card2021/HYSAJ.png,24,3,0,0,5,27,2009,9,2,0,3.7,7.41,81.25,37.5
0,Ibanez,Roma,https://content.fantacalcio.it/web/campioncini/card2021/IBANEZ.png,26,2,1,2,1,28,2348,0,8,0,10.71,28.57,81.25,0.0
0,Igor,Fiorentina,https://content.fantacalcio.it/web/campioncini/card2021/IGOR.png,17,6,0,0,9,23,1654,1,2,0,0.0,8.7,65.62,5.88
0,Ismajli,Empoli,https://content.fantacalcio.it/web/campioncini/card2021/ISMAJLI.png,12,6,1,0,13,18,1152,1,6,0,0.0,38.89,46.88,8.33
0,Izzo,Torino,https://content.fantacalcio.it/web/campioncini/card2021/IZZO.png,3,5,0,4,20,8,345,1,3,0,0.0,37.5,18.75,33.33
0,Jaroszynski,Salernitana,https://content.fantacalcio.it/web/campioncini/card2021/JAROSZYNSKI.png,4,9,0,3,16,13,509,2,2,0,0.0,15.38,28.12,50.0
0,Juan-Jesus,Napoli,https://content.fantacalcio.it/web/campioncini/card2021/JUAN-JESUS.png,12,6,0,0,14,18,1086,1,1,0,5.56,11.11,40.62,8.33
0,Kalulu,Milan,https://content.fantacalcio.it/web/campioncini/card2021/KALULU.png,15,7,0,0,10,22,1398,3,3,0,9.09,13.64,56.25,20.0
0,Kamenovic,Lazio,https://content.fantacalcio.it/web/campioncini/card2021/KAMENOVIC.png,25,0,0,0,32,0,2243,3,4,1,0.0,0.0,0.0,12.0
0,Karsdorp,Roma,https://content.fantacalcio.it/web/campioncini/card2021/KARSDORP.png,29,1,2,1,0,30,2511,9,7,1,6.67,26.67,90.62,31.03
0,Kasius,Bologna,https://content.fantacalcio.it/web/campioncini/card2021/NO-CAMPIONCINO.png,0,4,0,0,28,4,88,0,0,0,0.0,0.0,9.38,0.0
0,Kechrida,Salernitana,https://content.fantacalcio.it/web/campioncini/card2021/KECHRIDA.png,10,7,0,1,14,17,947,4,0,0,5.88,0.0,43.75,40.0
0,Kiwior,Spezia,https://content.fantacalcio.it/web/campioncini/card2021/KIWIOR.png,15,1,1,2,13,16,1423,0,5,0,0.0,31.25,50.0,0.0
0,Kjaer,Milan,https://content.fantacalcio.it/web/campioncini/card2021/KJAER.png,10,1,0,19,2,11,806,2,2,0,0.0,18.18,31.25,20.0
0,Kolarov,Inter,https://content.fantacalcio.it/web/campioncini/card2021/KOLAROV.png,0,3,0,2,27,3,38,0,0,0,0.0,0.0,3.12,0.0
0,Koulibaly,Napoli,https://content.fantacalcio.it/web/campioncini/card2021/KOULIBALY.png,22,0,1,5,4,22,1956,1,4,1,9.09,22.73,68.75,4.55
0,Kumbulla,Roma,https://content.fantacalcio.it/web/campioncini/card2021/KUMBULLA.png,10,4,1,0,17,14,803,4,6,0,0.0,42.86,31.25,40.0
0,Kyriakopoulos,Sassuolo,https://content.fantacalcio.it/web/campioncini/card2021/KYRIAKOPOULOS.png,18,7,1,0,6,25,1636,3,4,0,16.0,16.0,65.62,16.67
0,Lazzari,Lazio,https://content.fantacalcio.it/web/campioncini/card2021/LAZZARI.png,10,15,0,4,3,25,1143,4,3,0,20.0,12.0,65.62,40.0
0,Lovato,Cagliari,https://content.fantacalcio.it/web/campioncini/card2021/LOVATO.png,14,4,0,5,9,18,1242,5,4,0,0.0,22.22,53.12,35.71
0,Luiz-Felipe,Lazio,https://content.fantacalcio.it/web/campioncini/card2021/LUIZ-FELIPE.png,27,0,2,0,3,27,2386,4,9,1,0.0,37.04,84.38,14.81
0,Luperto,Empoli,https://content.fantacalcio.it/web/campioncini/card2021/LUPERTO.png,16,2,2,3,9,18,1418,1,6,1,5.56,38.89,50.0,6.25
0,Lykogiannis,Cagliari,https://content.fantacalcio.it/web/campioncini/card2021/LYKOGIANNIS.png,18,7,0,1,6,25,1607,8,2,0,0.0,8.0,68.75,44.44
0,Maehle,Atalanta,https://content.fantacalcio.it/web/campioncini/card2021/MAEHLE.png,14,9,0,1,8,23,1331,5,2,0,4.35,8.7,62.5,35.71
0,Magnani,Sampdoria,https://content.fantacalcio.it/web/campioncini/card2021/MAGNANI.png,8,9,1,2,12,17,749,4,3,1,0.0,23.53,43.75,50.0
0,Maitland-Niles,Roma,https://content.fantacalcio.it/web/campioncini/card2021/MAITLAND-NILES.png,5,1,0,0,26,6,388,4,0,0,0.0,0.0,18.75,80.0
0,Maksimovic,Genoa,https://content.fantacalcio.it/web/campioncini/card2021/MAKSIMOVIC.png,13,1,0,9,9,14,1116,2,2,0,0.0,14.29,43.75,15.38
0,Malcuit,Napoli,https://content.fantacalcio.it/web/campioncini/card2021/MALCUIT.png,2,4,0,11,15,6,241,2,3,0,16.67,50.0,9.38,100.0
0,Mancini,Roma,https://content.fantacalcio.it/web/campioncini/card2021/MANCINI.png,28,0,3,1,0,28,2438,4,12,1,0.0,46.43,87.5,14.29
0,Marchizza,Empoli,https://content.fantacalcio.it/web/campioncini/card2021/MARCHIZZA.png,16,3,0,10,3,19,1351,8,4,0,5.26,26.32,59.38,50.0
0,Mari,Udinese,https://content.fantacalcio.it/web/campioncini/card2021/PABLO-MARI.png,8,0,1,0,23,8,712,0,0,1,0.0,12.5,25.0,0.0
0,Mario-Rui,Napoli,https://content.fantacalcio.it/web/campioncini/card2021/MARIO-RUI.png,29,0,1,2,0,29,2575,8,7,0,17.24,24.14,90.62,27.59
0,Martinez-Quarta,Fiorentina,https://content.fantacalcio.it/web/campioncini/card2021/MARTINEZ-QUARTA.png,15,3,1,1,12,18,1295,3,7,0,5.56,38.89,50.0,20.0
0,Marusic,Lazio,https://content.fantacalcio.it/web/campioncini/card2021/MARUSIC.png,25,2,1,1,3,27,2243,3,4,1,3.7,18.52,84.38,12.0
0,Masiello,Genoa,https://content.fantacalcio.it/web/campioncini/card2021/MASIELLO.png,6,1,0,0,25,7,517,2,3,0,0.0,42.86,21.88,33.33
0,Mateju,Venezia,https://content.fantacalcio.it/web/campioncini/card2021/NO-CAMPIONCINO.png,2,0,0,1,29,2,135,1,1,0,50.0,50.0,6.25,50.0
0,Mazzocchi,Salernitana,https://content.fantacalcio.it/web/campioncini/card2021/MAZZOCCHI.png,23,3,1,2,3,26,1906,9,4,0,3.85,15.38,78.12,39.13
0,Mbaye,Bologna,https://content.fantacalcio.it/web/campioncini/card2021/MBAYE.png,1,4,0,3,24,5,87,1,0,0,0.0,0.0,3.12,100.0
0,Milenkovic,Fiorentina,https://content.fantacalcio.it/web/campioncini/card2021/MILENKOVIC.png,27,0,2,0,3,27,2344,3,7,1,3.7,29.63,84.38,11.11
0,Modolo,Venezia,https://content.fantacalcio.it/web/campioncini/card2021/MODOLO.png,4,2,1,2,23,6,390,0,2,0,0.0,33.33,15.62,0.0
0,Molina-N,Udinese,https://content.fantacalcio.it/web/campioncini/card2021/MOLINA-N.png,24,4,1,1,2,28,2066,11,4,1,21.43,17.86,87.5,45.83
0,Molinaro,Venezia,https://content.fantacalcio.it/web/campioncini/card2021/MOLINARO.png,6,2,0,0,24,8,549,2,0,0,12.5,0.0,21.88,33.33
0,Muldur,Sassuolo,https://content.fantacalcio.it/web/campioncini/card2021/MULDUR.png,19,7,0,0,6,26,1610,6,5,0,0.0,19.23,62.5,31.58
0,Murru,Sampdoria,https://content.fantacalcio.it/web/campioncini/card2021/MURRU.png,12,8,1,0,11,20,924,11,5,0,5.0,25.0,53.12,91.67
0,Nastasic,Fiorentina,https://content.fantacalcio.it/web/campioncini/card2021/NASTASIC.png,2,3,0,5,22,5,217,0,1,0,0.0,20.0,12.5,0.0
0,Nikolaou,Spezia,https://content.fantacalcio.it/web/campioncini/card2021/NIKOLAOU.png,30,0,1,0,1,30,2700,0,5,0,0.0,20.0,93.75,0.0
0,Nuytinck,Udinese,https://content.fantacalcio.it/web/campioncini/card2021/NUYTINCK.png,20,2,0,3,7,22,1736,5,0,0,4.55,0.0,68.75,25.0
0,Obert,Cagliari,https://content.fantacalcio.it/web/campioncini/card2021/OBERT.png,3,3,0,0,26,6,273,2,0,0,0.0,0.0,12.5,66.67
0,Odriozola,Fiorentina,https://content.fantacalcio.it/web/campioncini/card2021/ODRIOZOLA.png,17,5,1,3,6,22,1579,5,4,1,9.09,22.73,68.75,29.41
0,Ostigard,Genoa,https://content.fantacalcio.it/web/campioncini/card2021/NO-CAMPIONCINO.png,7,2,2,0,21,9,632,0,1,2,0.0,33.33,28.12,0.0
0,Palomino,Atalanta,https://content.fantacalcio.it/web/campioncini/card2021/PALOMINO.png,23,4,1,3,1,27,2097,3,7,0,3.7,25.93,81.25,13.04
0,Parisi,Empoli,https://content.fantacalcio.it/web/campioncini/card2021/PARISI.png,12,7,1,5,7,19,1121,5,5,0,5.26,26.32,53.12,41.67
0,Patric,Lazio,https://content.fantacalcio.it/web/campioncini/card2021/PATRIC.png,14,5,1,0,12,19,1263,4,4,1,5.26,26.32,50.0,28.57
0,Pellegrini-Lu,Juventus,https://content.fantacalcio.it/web/campioncini/card2021/PELLEGRINI-LU.png,13,2,1,0,16,15,969,9,5,0,6.67,33.33,43.75,69.23
0,Peluso,Sassuolo,https://content.fantacalcio.it/web/campioncini/card2021/PELUSO.png,0,1,0,3,28,1,1,0,0,0,0.0,0.0,0.0,0.0
0,Perez-N,Udinese,https://content.fantacalcio.it/web/campioncini/card2021/PEREZ-N.png,12,1,0,4,15,13,1096,2,4,0,7.69,30.77,40.62,16.67
0,Pezzella-Giu,Atalanta,https://content.fantacalcio.it/web/campioncini/card2021/PEZZELLA-GIU.png,10,10,0,0,12,20,1033,5,3,0,10.0,15.0,46.88,50.0
0,Radovanovic,Salernitana,https://content.fantacalcio.it/web/campioncini/card2021/RADOVANOVIC.png,6,2,0,1,23,8,515,3,2,0,12.5,25.0,21.88,50.0
0,Radu,Lazio,https://content.fantacalcio.it/web/campioncini/card2021/RADU.png,5,3,0,2,22,8,485,2,2,0,0.0,25.0,21.88,40.0
0,Ranieri-L,Salernitana,https://content.fantacalcio.it/web/campioncini/card2021/RANIERI-L.png,22,2,1,0,7,24,1847,14,7,0,4.17,29.17,75.0,63.64
0,Ranocchia,Inter,https://content.fantacalcio.it/web/campioncini/card2021/RANOCCHIA.png,3,2,0,2,25,5,321,0,1,0,0.0,20.0,15.62,0.0
0,Reca,Spezia,https://content.fantacalcio.it/web/campioncini/card2021/RECA.png,19,1,0,7,5,20,1574,7,3,0,10.0,15.0,62.5,36.84
0,Retsos,Verona,https://content.fantacalcio.it/web/campioncini/card2021/NO-CAMPIONCINO.png,1,3,0,3,25,4,42,1,0,0,0.0,0.0,3.12,100.0
0,Rodrigo-Becao,Udinese,https://content.fantacalcio.it/web/campioncini/card2021/RODRIGO-BECAO.png,28,0,1,1,2,28,2505,1,9,0,10.71,32.14,87.5,3.57
0,Rodriguez-R,Torino,https://content.fantacalcio.it/web/campioncini/card2021/RODRIGUEZ-R.png,21,6,0,3,2,27,1930,4,3,0,0.0,11.11,78.12,19.05
0,Rogerio,Sassuolo,https://content.fantacalcio.it/web/campioncini/card2021/ROGERIO.png,17,2,1,2,10,19,1529,6,5,0,5.26,26.32,59.38,35.29
0,Romagna,Sassuolo,https://content.fantacalcio.it/web/campioncini/card2021/ROMAGNA.png,3,0,0,0,32,0,435,2,2,0,0.0,0.0,0.0,66.67
0,Romagnoli,Milan,https://content.fantacalcio.it/web/campioncini/card2021/ROMAGNOLI.png,16,2,1,2,11,18,1398,1,4,1,5.56,27.78,53.12,6.25
0,Romagnoli-S,Empoli,https://content.fantacalcio.it/web/campioncini/card2021/ROMAGNOLI-S.png,15,2,0,3,12,17,1318,2,3,0,11.76,17.65,50.0,13.33
0,Rrahmani,Napoli,https://content.fantacalcio.it/web/campioncini/card2021/RRAHMANI.png,28,0,1,1,2,28,2478,1,5,0,10.71,17.86,87.5,3.57
0,Ruan,Sassuolo,https://content.fantacalcio.it/web/campioncini/card2021/NO-CAMPIONCINO.png,0,7,0,0,25,7,123,0,0,0,0.0,0.0,9.38,0.0
0,Rugani,Juventus,https://content.fantacalcio.it/web/campioncini/card2021/RUGANI.png,7,2,0,2,21,9,690,0,1,0,0.0,11.11,28.12,0.0
0,Ruggeri,Salernitana,https://content.fantacalcio.it/web/campioncini/card2021/RUGGERI.png,5,3,0,23,1,8,409,3,1,0,0.0,12.5,21.88,60.0
0,Sala,Spezia,https://content.fantacalcio.it/web/campioncini/card2021/SALA.png,13,5,0,8,6,18,891,13,3,0,5.56,16.67,46.88,100.0
0,Scalvini,Atalanta,https://content.fantacalcio.it/web/campioncini/card2021/SCALVINI.png,5,7,0,0,20,12,473,3,0,0,0.0,0.0,28.12,60.0
0,Singo,Torino,https://content.fantacalcio.it/web/campioncini/card2021/SINGO.png,28,2,1,0,1,30,2275,14,4,1,23.33,16.67,93.75,50.0
0,Skriniar,Inter,https://content.fantacalcio.it/web/campioncini/card2021/SKRINIAR.png,28,0,0,0,4,28,2520,0,3,0,10.71,10.71,87.5,0.0
0,Smalling,Roma,https://content.fantacalcio.it/web/campioncini/card2021/SMALLING.png,19,4,0,9,0,23,1727,2,0,0,13.04,4.35,65.62,10.53
0,Soppy,Udinese,https://content.fantacalcio.it/web/campioncini/card2021/SOPPY.png,6,16,0,0,10,22,610,6,4,0,0.0,18.18,43.75,100.0
0,Soumaoro,Bologna,https://content.fantacalcio.it/web/campioncini/card2021/SOUMAORO.png,21,2,2,1,6,23,1823,1,6,1,0.0,30.43,68.75,4.76
0,Spinazzola,Roma,https://content.fantacalcio.it/web/campioncini/card2021/SPINAZZOLA.png,5,0,0,32,0,0,388,4,0,0,0.0,0.0,0.0,80.0
0,Stojanovic,Empoli,https://content.fantacalcio.it/web/campioncini/card2021/STOJANOVIC.png,27,1,1,0,3,28,2313,7,6,0,7.14,21.43,87.5,25.93
0,Strandberg,Salernitana,https://content.fantacalcio.it/web/campioncini/card2021/STRANDBERG.png,11,0,1,15,5,11,934,0,0,1,0.0,18.18,34.38,0.0
0,Stryger-Larsen,Udinese,https://content.fantacalcio.it/web/campioncini/card2021/STRYGER-LARSEN.png,8,3,0,0,21,11,686,6,0,0,9.09,9.09,31.25,75.0
0,Sutalo,Verona,https://content.fantacalcio.it/web/campioncini/card2021/SUTALO.png,5,12,0,0,15,17,702,2,0,0,0.0,0.0,37.5,40.0
0,Svoboda,Venezia,https://content.fantacalcio.it/web/campioncini/card2021/SVOBODA.png,9,4,1,1,17,13,864,1,1,1,0.0,15.38,40.62,11.11
0,Terzic,Fiorentina,https://content.fantacalcio.it/web/campioncini/card2021/TERZIC.png,1,10,0,0,21,11,220,0,1,0,9.09,9.09,15.62,0.0
0,Theate,Bologna,https://content.fantacalcio.it/web/campioncini/card2021/THEATE.png,23,2,1,0,6,25,2070,4,5,0,8.0,20.0,78.12,17.39
0,Toljan,Sassuolo,https://content.fantacalcio.it/web/campioncini/card2021/TOLJAN.png,14,5,0,6,7,19,1378,2,2,0,5.26,10.53,56.25,14.29
0,Toloi,Atalanta,https://content.fantacalcio.it/web/campioncini/card2021/TOLOI.png,16,3,2,8,3,19,1396,4,6,0,10.53,31.58,56.25,25.0
0,Tomori,Milan,https://content.fantacalcio.it/web/campioncini/card2021/TOMORI.png,24,1,0,3,4,25,2188,1,3,0,0.0,12.0,78.12,4.17
0,Tonelli,Empoli,https://content.fantacalcio.it/web/campioncini/card2021/TONELLI.png,8,6,0,5,13,14,868,1,4,0,0.0,35.71,40.62,12.5
0,Tuanzebe,Napoli,https://content.fantacalcio.it/web/campioncini/card2021/TUANZEBE.png,0,1,0,3,28,1,10,0,0,0,0.0,0.0,0.0,0.0
0,Udogie,Udinese,https://content.fantacalcio.it/web/campioncini/card2021/UDOGIE.png,21,6,0,2,3,27,1801,11,3,0,11.11,11.11,81.25,52.38
0,Ullmann,Venezia,https://content.fantacalcio.it/web/campioncini/card2021/NO-CAMPIONCINO.png,1,1,0,0,30,2,105,0,0,0,0.0,0.0,6.25,0.0
0,Vanheusden,Genoa,https://content.fantacalcio.it/web/campioncini/card2021/VANHEUSDEN.png,11,3,0,13,5,14,989,3,3,0,0.0,28.57,43.75,27.27
0,Vasquez,Genoa,https://content.fantacalcio.it/web/campioncini/card2021/VASQUEZ.png,23,1,1,0,7,24,1965,4,7,0,4.17,29.17,75.0,17.39
0,Venuti,Fiorentina,https://content.fantacalcio.it/web/campioncini/card2021/VENUTI.png,14,3,0,2,13,17,1157,5,1,0,0.0,11.76,46.88,35.71
0,Veseli,Salernitana,https://content.fantacalcio.it/web/campioncini/card2021/VESELI.png,8,1,1,7,15,9,597,3,1,1,0.0,22.22,25.0,37.5
0,Vina,Roma,https://content.fantacalcio.it/web/campioncini/card2021/VINA.png,18,6,0,3,5,24,1544,9,2,0,4.17,8.33,68.75,50.0
0,Viti,Empoli,https://content.fantacalcio.it/web/campioncini/card2021/NO-CAMPIONCINO.png,13,4,1,0,14,17,1218,1,0,1,0.0,11.76,50.0,7.69
0,Vojvoda,Torino,https://content.fantacalcio.it/web/campioncini/card2021/VOJVODA.png,17,7,0,0,8,24,1630,5,1,0,8.33,4.17,75.0,29.41
0,Walukiewicz,Cagliari,https://content.fantacalcio.it/web/campioncini/card2021/WALUKIEWICZ.png,4,2,0,24,2,6,294,4,1,0,0.0,16.67,18.75,100.0
0,Yoshida,Sampdoria,https://content.fantacalcio.it/web/campioncini/card2021/YOSHIDA.png,18,6,0,6,2,24,1728,2,1,0,20.83,8.33,68.75,11.11
0,Zanoli,Napoli,https://content.fantacalcio.it/web/campioncini/card2021/ZANOLI.png,2,6,0,5,19,8,219,0,0,0,0.0,0.0,9.38,0.0
0,Zappa,Cagliari,https://content.fantacalcio.it/web/campioncini/card2021/ZAPPA.png,11,13,1,1,6,24,1135,6,2,1,0.0,12.5,65.62,54.55
0,Zappacosta,Atalanta,https://content.fantacalcio.it/web/campioncini/card2021/ZAPPACOSTA.png,22,5,1,0,4,27,1739,14,6,0,14.81,22.22,75.0,63.64
0,Zeegelaar,Udinese,https://content.fantacalcio.it/web/campioncini/card2021/ZEEGELAAR.png,6,7,0,0,19,13,617,1,3,0,0.0,15.38,34.38,16.67
0,Zima,Torino,https://content.fantacalcio.it/web/campioncini/card2021/ZIMA.png,9,6,0,0,17,15,917,1,2,0,0.0,13.33,40.62,11.11
0,Zortea,Salernitana,https://content.fantacalcio.it/web/campioncini/card2021/ZORTEA.png,9,13,0,3,7,22,992,5,2,0,13.64,9.09,53.12,55.56
0,Aebischer,Bologna,https://content.fantacalcio.it/web/campioncini/card2021/AEBISCHER.png,2,4,0,0,26,6,199,1,0,0,0.0,0.0,9.38,50.0
0,Agudelo,Spezia,https://content.fantacalcio.it/web/campioncini/card2021/AGUDELO.png,7,10,1,10,4,17,810,4,2,1,17.65,11.76,53.12,57.14
0,Akpa-Akpro,Lazio,https://content.fantacalcio.it/web/campioncini/card2021/AKPA-AKPRO.png,4,5,0,3,20,9,301,4,1,0,0.0,11.11,18.75,100.0
0,Amiri,Genoa,https://content.fantacalcio.it/web/campioncini/card2021/AMIRI.png,3,4,0,0,25,7,275,3,0,0,0.0,0.0,18.75,100.0
0,Amrabat,Fiorentina,https://content.fantacalcio.it/web/campioncini/card2021/AMRABAT.png,4,14,0,2,12,18,558,2,4,0,5.56,22.22,40.62,50.0
0,Aramu,Venezia,https://content.fantacalcio.it/web/campioncini/card2021/ARAMU.png,21,5,3,2,1,26,1717,16,5,0,30.77,19.23,81.25,76.19
0,Arslan,Udinese,https://content.fantacalcio.it/web/campioncini/card2021/ARSLAN.png,18,7,1,0,6,25,1434,18,8,0,4.0,32.0,75.0,100.0
0,Arthur,Juventus,https://content.fantacalcio.it/web/campioncini/card2021/ARTHUR.png,10,8,0,6,8,18,885,5,2,0,0.0,11.11,43.75,50.0
0,Askildsen,Sampdoria,https://content.fantacalcio.it/web/campioncini/card2021/ASKILDSEN.png,7,9,1,4,11,16,723,6,5,0,0.0,31.25,43.75,85.71
0,Asllani,Empoli,https://content.fantacalcio.it/web/campioncini/card2021/NO-CAMPIONCINO.png,8,9,0,0,15,17,826,1,2,0,0.0,11.76,37.5,12.5
0,Badelj,Genoa,https://content.fantacalcio.it/web/campioncini/card2021/BADELJ.png,29,0,0,1,2,29,2466,9,3,0,0.0,10.34,90.62,31.03
0,Bajrami,Empoli,https://content.fantacalcio.it/web/campioncini/card2021/BAJRAMI.png,21,9,0,0,2,30,1830,16,2,0,26.67,6.67,90.62,76.19
0,Bakayoko,Milan,https://content.fantacalcio.it/web/campioncini/card2021/BAKAYOKO.png,5,7,0,7,13,12,482,4,3,0,0.0,25.0,34.38,80.0
0,Bandinelli,Empoli,https://content.fantacalcio.it/web/campioncini/card2021/BANDINELLI.png,19,11,1,0,1,30,1581,19,8,0,16.67,26.67,87.5,100.0
0,Barak,Verona,https://content.fantacalcio.it/web/campioncini/card2021/BARAK.png,23,2,0,4,3,25,2041,5,3,0,36.0,12.0,78.12,21.74
0,Barella,Inter,https://content.fantacalcio.it/web/campioncini/card2021/BARELLA.png,29,0,1,0,2,29,2392,15,7,0,34.48,24.14,90.62,51.72
0,Baselli,Cagliari,https://content.fantacalcio.it/web/campioncini/card2021/BASELLI.png,2,10,0,2,18,12,386,2,1,0,0.0,8.33,31.25,100.0
0,Basic,Lazio,https://content.fantacalcio.it/web/campioncini/card2021/BASIC.png,7,16,0,1,8,23,752,5,3,0,8.7,13.04,43.75,71.43
0,Benassi,Empoli,https://content.fantacalcio.it/web/campioncini/card2021/BENASSI.png,3,11,0,2,16,14,408,3,2,0,0.0,14.29,34.38,100.0
0,Bennacer,Milan,https://content.fantacalcio.it/web/campioncini/card2021/BENNACER.png,14,12,1,2,3,26,1330,10,5,0,7.69,19.23,75.0,71.43
0,Bernardeschi,Juventus,https://content.fantacalcio.it/web/campioncini/card2021/BERNARDESCHI.png,12,10,1,5,4,22,1137,10,4,0,18.18,18.18,62.5,83.33
0,Bessa,Verona,https://content.fantacalcio.it/web/campioncini/card2021/BESSA.png,5,17,1,2,7,22,737,5,3,1,9.09,18.18,53.12,100.0
0,Bianco,Fiorentina,https://content.fantacalcio.it/web/campioncini/card2021/BIANCO.png,1,0,0,0,32,0,220,0,1,0,0.0,0.0,0.0,0.0
0,Bohinen,Salernitana,https://content.fantacalcio.it/web/campioncini/card2021/NO-CAMPIONCINO.png,1,3,0,0,28,4,126,1,1,0,0.0,25.0,9.38,100.0
0,Bonaventura,Fiorentina,https://content.fantacalcio.it/web/campioncini/card2021/BONAVENTURA.png,24,2,2,3,1,26,1946,16,6,1,19.23,23.08,81.25,66.67
0,Bourabia,Spezia,https://content.fantacalcio.it/web/campioncini/card2021/BOURABIA.png,2,6,0,11,13,8,275,1,1,0,12.5,12.5,25.0,50.0
0,Bove,Roma,https://content.fantacalcio.it/web/campioncini/card2021/BOVE.png,0,10,0,0,22,10,53,0,0,0,10.0,0.0,6.25,0.0
0,Brozovic,Inter,https://content.fantacalcio.it/web/campioncini/card2021/BROZOVIC.png,28,0,1,1,2,28,2339,11,6,0,3.57,21.43,87.5,39.29
0,Busio,Venezia,https://content.fantacalcio.it/web/campioncini/card2021/BUSIO.png,21,5,1,2,3,26,1780,11,7,0,7.69,26.92,78.12,52.38
0,Calhanoglu,Inter,https://content.fantacalcio.it/web/campioncini/card2021/CALHANOGLU.png,27,1,2,0,2,28,2014,23,8,0,35.71,28.57,84.38,85.19
0,Callejon,Fiorentina,https://content.fantacalcio.it/web/campioncini/card2021/CALLEJON.png,16,10,0,0,6,26,1233,13,0,0,11.54,0.0,65.62,81.25
0,Candreva,Sampdoria,https://content.fantacalcio.it/web/campioncini/card2021/CANDREVA.png,30,0,2,0,0,30,2633,8,5,1,33.33,23.33,93.75,26.67
0,Capezzi,Salernitana,https://content.fantacalcio.it/web/campioncini/card2021/CAPEZZI.png,2,3,0,17,10,5,175,2,0,0,0.0,0.0,12.5,100.0
0,Castillejo,Milan,https://content.fantacalcio.it/web/campioncini/card2021/CASTILLEJO.png,1,4,0,6,21,5,125,1,0,0,0.0,20.0,9.38,100.0
0,Castrovilli,Fiorentina,https://content.fantacalcio.it/web/campioncini/card2021/CASTROVILLI.png,15,7,0,7,3,22,1321,10,4,0,9.09,18.18,68.75,66.67
0,Cataldi,Lazio,https://content.fantacalcio.it/web/campioncini/card2021/CATALDI.png,15,11,1,2,3,26,1355,14,6,0,11.54,23.08,75.0,93.33
0,Chiesa,Juventus,https://content.fantacalcio.it/web/campioncini/card2021/CHIESA.png,11,3,0,18,0,14,867,8,0,0,28.57,0.0,43.75,72.73
0,Ciervo,Sassuolo,https://content.fantacalcio.it/web/campioncini/card2021/CIERVO.png,3,9,0,0,22,10,435,2,2,0,10.0,0.0,21.88,66.67
0,Coulibaly-L,Salernitana,https://content.fantacalcio.it/web/campioncini/card2021/COULIBALY-L.png,21,2,0,4,5,23,1769,6,3,0,0.0,13.04,71.88,28.57
0,Coulibaly-M,Salernitana,https://content.fantacalcio.it/web/campioncini/card2021/COULIBALY-M.png,9,1,0,20,2,10,753,4,1,0,20.0,10.0,31.25,44.44
0,Cristante,Roma,https://content.fantacalcio.it/web/campioncini/card2021/CRISTANTE.png,25,4,1,2,0,29,2326,1,8,0,6.9,31.03,90.62,4.0
0,Crnigoj,Venezia,https://content.fantacalcio.it/web/campioncini/card2021/CRNIGOJ.png,17,10,0,2,3,27,1474,13,3,0,7.41,11.11,78.12,76.47
0,Cuisance,Venezia,https://content.fantacalcio.it/web/campioncini/card2021/NO-CAMPIONCINO.png,9,0,0,2,21,9,656,7,2,0,0.0,22.22,28.12,77.78
0,Damsgaard,Sampdoria,https://content.fantacalcio.it/web/campioncini/card2021/DAMSGAARD.png,6,1,0,25,0,7,515,4,1,0,0.0,14.29,21.88,66.67
0,Darboe,Roma,https://content.fantacalcio.it/web/campioncini/card2021/DARBOE.png,1,0,0,1,30,1,64,1,0,0,0.0,0.0,3.12,100.0
0,De-Roon,Atalanta,https://content.fantacalcio.it/web/campioncini/card2021/DE-ROON.png,21,2,6,1,2,23,1917,1,5,1,8.7,26.09,71.88,4.76
0,Deiola,Cagliari,https://content.fantacalcio.it/web/campioncini/card2021/DEIOLA.png,23,5,1,1,2,28,1810,18,5,0,14.29,17.86,81.25,78.26
0,Demme,Napoli,https://content.fantacalcio.it/web/campioncini/card2021/DEMME.png,6,9,0,5,12,15,564,5,4,0,0.0,26.67,34.38,83.33
0,Di-Tacchio,Salernitana,https://content.fantacalcio.it/web/campioncini/card2021/DI-TACCHIO.png,14,4,1,0,13,18,1256,4,3,0,0.0,22.22,50.0,28.57
0,Diawara,Roma,https://content.fantacalcio.it/web/campioncini/card2021/DIAWARA.png,2,2,0,0,28,4,168,1,0,0,0.0,0.0,9.38,50.0
0,Diaz-B,Milan,https://content.fantacalcio.it/web/campioncini/card2021/DIAZ-B.png,23,4,0,2,3,27,1726,21,4,0,22.22,14.81,81.25,91.3
0,Djuricic,Sassuolo,https://content.fantacalcio.it/web/campioncini/card2021/DJURICIC.png,8,1,0,23,0,9,633,7,1,0,22.22,11.11,28.12,87.5
0,Dominguez,Bologna,https://content.fantacalcio.it/web/campioncini/card2021/DOMINGUEZ.png,20,2,1,9,0,22,1736,12,7,0,13.64,31.82,68.75,60.0
0,Duncan,Fiorentina,https://content.fantacalcio.it/web/campioncini/card2021/DUNCAN.png,15,11,0,0,6,26,1462,12,1,0,7.69,3.85,75.0,80.0
0,Ederson-Ds,Salernitana,https://content.fantacalcio.it/web/campioncini/card2021/NO-CAMPIONCINO.png,6,2,0,0,24,8,552,4,2,0,0.0,25.0,25.0,66.67
0,Ekdal,Sampdoria,https://content.fantacalcio.it/web/campioncini/card2021/EKDAL.png,18,5,2,3,4,23,1497,11,9,1,4.35,43.48,68.75,61.11
0,Elmas,Napoli,https://content.fantacalcio.it/web/campioncini/card2021/ELMAS.png,11,21,0,0,0,32,1458,6,2,0,21.88,6.25,93.75,54.55
0,Felipe-Anderson,Lazio,https://content.fantacalcio.it/web/campioncini/card2021/FELIPE-ANDERSON.png,27,5,0,0,0,32,2365,15,2,0,31.25,6.25,100.0,55.56
0,Fiordilino,Venezia,https://content.fantacalcio.it/web/campioncini/card2021/FIAMOZZI.png,5,5,0,11,11,10,461,4,2,0,0.0,20.0,25.0,80.0
0,Frattesi,Sassuolo,https://content.fantacalcio.it/web/campioncini/card2021/FRATTESI.png,29,1,1,0,1,30,2415,23,5,0,16.67,20.0,93.75,79.31
0,Frendrup,Genoa,https://content.fantacalcio.it/web/campioncini/card2021/NO-CAMPIONCINO.png,3,1,0,0,28,4,286,0,0,0,0.0,0.0,12.5,0.0
0,Freuler,Atalanta,https://content.fantacalcio.it/web/campioncini/card2021/FREULER.png,22,1,3,1,5,23,1924,6,5,0,8.7,21.74,71.88,27.27
0,Gagliardini,Inter,https://content.fantacalcio.it/web/campioncini/card2021/GAGLIARDINI.png,5,9,0,2,16,14,504,4,2,0,21.43,14.29,37.5,80.0
0,Galdames,Genoa,https://content.fantacalcio.it/web/campioncini/card2021/GALDAMES.png,5,8,0,0,19,13,612,3,0,0,0.0,0.0,37.5,60.0
0,Grassi,Cagliari,https://content.fantacalcio.it/web/campioncini/card2021/GRASSI.png,20,4,1,1,6,24,1683,10,3,1,4.17,16.67,68.75,50.0
0,Gudmundsson-A,Genoa,https://content.fantacalcio.it/web/campioncini/card2021/NO-CAMPIONCINO.png,4,2,0,0,26,6,337,3,1,0,0.0,16.67,15.62,75.0
0,Haas,Empoli,https://content.fantacalcio.it/web/campioncini/card2021/HAAS.png,11,5,0,15,1,16,1006,8,3,0,12.5,18.75,50.0,72.73
0,Harroui,Sassuolo,https://content.fantacalcio.it/web/campioncini/card2021/HARROUI.png,3,19,0,1,9,22,435,2,2,0,0.0,9.09,31.25,66.67
0,Henderson-L,Empoli,https://content.fantacalcio.it/web/campioncini/card2021/HENDERSON.png,21,11,0,0,0,32,1779,12,2,0,12.5,6.25,87.5,57.14
0,Hernani,Genoa,https://content.fantacalcio.it/web/campioncini/card2021/HERNANI.png,6,8,0,7,11,14,576,5,0,0,0.0,0.0,37.5,83.33
0,Hongla,Verona,https://content.fantacalcio.it/web/campioncini/card2021/HONGLA.png,5,8,0,3,16,13,440,3,1,0,0.0,7.69,25.0,60.0
0,Ikone,Fiorentina,https://content.fantacalcio.it/web/campioncini/card2021/IKONE.png,3,7,0,0,22,10,312,3,1,0,20.0,10.0,25.0,100.0
0,Ilic,Verona,https://content.fantacalcio.it/web/campioncini/card2021/ILIC.png,25,2,2,3,0,27,2111,11,4,1,14.81,22.22,84.38,44.0
0,Jajalo,Udinese,https://content.fantacalcio.it/web/campioncini/card2021/JAJALO.png,5,13,0,0,14,18,521,3,1,0,5.56,5.56,31.25,60.0
0,Kastanos,Salernitana,https://content.fantacalcio.it/web/campioncini/card2021/KASTANOS.png,15,4,1,3,9,19,1141,10,3,1,10.53,21.05,56.25,66.67
0,Kessie,Milan,https://content.fantacalcio.it/web/campioncini/card2021/KESSIE.png,19,6,0,3,4,25,1783,6,1,0,16.0,8.0,75.0,31.58
0,Kingsley,Bologna,https://content.fantacalcio.it/web/campioncini/card2021/KINGSLEY.png,1,0,0,28,3,1,76,2,0,0,0.0,0.0,6.25,200.0
0,Kiyine,Venezia,https://content.fantacalcio.it/web/campioncini/card2021/KIYINE.png,12,10,1,4,5,22,1059,8,4,0,0.0,18.18,68.75,66.67
0,Koopmeiners,Atalanta,https://content.fantacalcio.it/web/campioncini/card2021/KOOPMEINERS.png,19,6,0,1,6,25,1755,5,2,0,16.0,8.0,71.88,26.32
0,Kovalenko,Spezia,https://content.fantacalcio.it/web/campioncini/card2021/KOVALENKO.png,14,6,0,6,6,20,1122,9,3,0,15.0,15.0,56.25,64.29
0,Krunic,Milan,https://content.fantacalcio.it/web/campioncini/card2021/KRUNIC.png,12,10,0,5,5,22,1122,7,2,0,4.55,9.09,53.12,58.33
0,Lazovic,Verona,https://content.fantacalcio.it/web/campioncini/card2021/LAZOVIC.png,27,1,0,3,1,28,2359,12,2,0,17.86,7.14,90.62,44.44
0,Leo-Sena,Spezia,https://content.fantacalcio.it/web/campioncini/card2021/LEO-SENA.png,0,0,0,32,0,0,45,0,0,0,0.0,0.0,0.0,0.0
0,Linetty,Torino,https://content.fantacalcio.it/web/campioncini/card2021/LINETTY.png,11,4,0,1,16,15,875,9,2,0,0.0,13.33,46.88,81.82
0,Lobotka,Napoli,https://content.fantacalcio.it/web/campioncini/card2021/LOBOTKA.png,17,2,0,8,5,19,1510,5,1,0,0.0,5.26,56.25,29.41
0,Locatelli,Juventus,https://content.fantacalcio.it/web/campioncini/card2021/LOCATELLI.png,21,8,1,2,0,29,2009,7,6,0,17.24,20.69,84.38,33.33
0,Lopez-M,Sassuolo,https://content.fantacalcio.it/web/campioncini/card2021/LOPEZ-M.png,28,1,2,0,1,29,2507,3,11,0,6.9,37.93,87.5,10.71
0,Lucas-Leiva,Lazio,https://content.fantacalcio.it/web/campioncini/card2021/LUCAS-LEIVA.png,17,12,1,0,2,29,1512,12,7,0,0.0,24.14,81.25,70.59
0,Luis-Alberto,Lazio,https://content.fantacalcio.it/web/campioncini/card2021/LUIS-ALBERTO.png,23,6,1,1,1,29,2048,12,5,0,27.59,17.24,90.62,52.17
0,Lukic,Torino,https://content.fantacalcio.it/web/campioncini/card2021/LUKIC.png,28,1,1,0,2,29,2466,4,7,0,17.24,24.14,90.62,14.29
0,Maggiore,Spezia,https://content.fantacalcio.it/web/campioncini/card2021/MAGGIORE.png,28,2,1,1,0,30,2429,12,8,0,6.67,26.67,93.75,42.86
0,Magnanelli,Sassuolo,https://content.fantacalcio.it/web/campioncini/card2021/MAGNANELLI.png,2,7,0,0,23,9,196,2,1,0,0.0,11.11,9.38,100.0
0,Makengo,Udinese,https://content.fantacalcio.it/web/campioncini/card2021/MAKENGO.png,20,6,1,0,5,26,1824,11,4,1,7.69,19.23,81.25,55.0
0,Maldini,Milan,https://content.fantacalcio.it/web/campioncini/card2021/MALDINI.png,2,6,0,0,24,8,144,2,1,0,12.5,12.5,9.38,100.0
0,Maleh,Fiorentina,https://content.fantacalcio.it/web/campioncini/card2021/MALEH.png,8,14,0,0,10,22,716,7,2,0,13.64,9.09,53.12,87.5
0,Malinovskyi,Atalanta,https://content.fantacalcio.it/web/campioncini/card2021/MALINOVSKYI.png,17,8,1,2,4,25,1445,14,7,0,32.0,28.0,78.12,82.35
0,Mandragora,Torino,https://content.fantacalcio.it/web/campioncini/card2021/MANDRAGORA.png,15,4,2,9,2,19,1246,4,5,1,10.53,31.58,53.12,26.67
0,Marin,Cagliari,https://content.fantacalcio.it/web/campioncini/card2021/MARIN.png,27,3,1,1,0,30,2448,2,4,1,13.33,16.67,93.75,7.41
0,Matheus-Henrique,Sassuolo,https://content.fantacalcio.it/web/campioncini/card2021/MATHEUS-HENRIQUE.png,7,12,0,5,8,19,719,5,3,0,0.0,15.79,50.0,71.43
0,Mckennie,Juventus,https://content.fantacalcio.it/web/campioncini/card2021/MCKENNIE.png,15,5,1,9,2,20,1357,6,1,0,15.0,5.0,56.25,40.0
0,Medel,Bologna,https://content.fantacalcio.it/web/campioncini/card2021/MEDEL.png,27,1,1,2,1,28,2386,7,6,0,3.57,21.43,87.5,25.93
0,Melegoni,Genoa,https://content.fantacalcio.it/web/campioncini/card2021/MELEGONI.png,9,10,0,0,13,19,755,7,0,0,5.26,0.0,50.0,77.78
0,Messias,Milan,https://content.fantacalcio.it/web/campioncini/card2021/MESSIAS.png,12,9,0,5,6,21,1211,10,2,0,14.29,9.52,65.62,83.33
0,Miguel-Veloso,Verona,https://content.fantacalcio.it/web/campioncini/card2021/MIGUEL-VELOSO.png,16,2,1,7,6,18,1209,8,4,1,16.67,27.78,56.25,50.0
0,Milinkovic-Savic,Lazio,https://content.fantacalcio.it/web/campioncini/card2021/MILINKOVIC-SAVIC.png,30,1,1,0,0,31,2571,9,3,1,41.94,12.9,96.88,30.0
0,Miranchuk,Atalanta,https://content.fantacalcio.it/web/campioncini/card2021/MIRANCHUK.png,7,10,0,5,10,17,674,6,0,0,23.53,0.0,50.0,85.71
0,Mkhitaryan,Roma,https://content.fantacalcio.it/web/campioncini/card2021/MKHITARYAN.png,28,1,1,1,1,29,2365,10,2,1,31.03,10.34,90.62,35.71
0,Nandez,Cagliari,https://content.fantacalcio.it/web/campioncini/card2021/NANDEZ.png,15,2,0,14,1,17,1343,2,3,0,11.76,17.65,53.12,13.33
0,Nguiamba,Spezia,https://content.fantacalcio.it/web/campioncini/card2021/NO-CAMPIONCINO.png,0,2,0,5,25,2,32,0,1,0,0.0,50.0,3.12,0.0
0,Obi,Salernitana,https://content.fantacalcio.it/web/campioncini/card2021/OBI.png,11,9,0,0,12,20,1084,8,4,0,5.0,20.0,59.38,72.73
0,Obiang,Sassuolo,https://content.fantacalcio.it/web/campioncini/card2021/OBIANG.png,3,0,0,32,0,0,435,2,2,0,0.0,0.0,0.0,66.67
0,Oliveira,Roma,https://content.fantacalcio.it/web/campioncini/card2021/OLIVEIRA.png,9,1,0,1,21,10,640,7,4,0,20.0,40.0,28.12,77.78
0,Orsolini,Bologna,https://content.fantacalcio.it/web/campioncini/card2021/ORSOLINI.png,17,6,0,1,8,23,1406,13,2,0,26.09,8.7,65.62,76.47
0,Palumbo,Juventus,https://content.fantacalcio.it/web/campioncini/card2021/PALUMBO.png,1,0,0,0,32,0,97,1,0,0,0.0,0.0,0.0,100.0
0,Pasalic,Atalanta,https://content.fantacalcio.it/web/campioncini/card2021/PASALIC.png,20,10,0,1,1,30,1631,16,2,0,33.33,6.67,84.38,80.0
0,Pecile,Venezia,https://content.fantacalcio.it/web/campioncini/card2021/PECILE.png,2,0,0,0,32,0,135,1,1,0,0.0,0.0,0.0,50.0
0,Pellegrini-Lo,Roma,https://content.fantacalcio.it/web/campioncini/card2021/PELLEGRINI-LO.png,22,0,2,7,1,22,1865,8,5,1,36.36,31.82,65.62,36.36
0,Pereiro,Cagliari,https://content.fantacalcio.it/web/campioncini/card2021/PEREIRO.png,9,15,0,0,8,24,912,6,0,0,16.67,0.0,50.0,66.67
0,Peretz,Venezia,https://content.fantacalcio.it/web/campioncini/card2021/PERETZ.png,2,9,0,1,20,11,341,2,0,0,0.0,0.0,28.12,100.0
0,Pereyra,Udinese,https://content.fantacalcio.it/web/campioncini/card2021/PEREYRA.png,17,2,2,10,1,19,1436,3,5,1,36.84,31.58,56.25,17.65
0,Perisic,Inter,https://content.fantacalcio.it/web/campioncini/card2021/PERISIC.png,29,0,0,0,4,28,2350,17,4,0,28.57,14.29,87.5,58.62
0,Perotti,Salernitana,https://content.fantacalcio.it/web/campioncini/card2021/PEROTTI.png,1,6,0,2,23,7,228,1,0,0,0.0,0.0,21.88,100.0
0,Pessina,Atalanta,https://content.fantacalcio.it/web/campioncini/card2021/PESSINA.png,16,6,0,4,6,22,1255,13,0,0,9.09,0.0,62.5,81.25
0,Pobega,Torino,https://content.fantacalcio.it/web/campioncini/card2021/POBEGA.png,21,6,2,0,3,27,1882,6,11,0,18.52,40.74,78.12,28.57
0,Portanova,Genoa,https://content.fantacalcio.it/web/campioncini/card2021/no-campioncino.png,13,6,0,0,13,19,1059,11,4,0,5.26,21.05,56.25,84.62
0,Praet,Torino,https://content.fantacalcio.it/web/campioncini/card2021/PRAET.png,12,5,0,12,3,17,1070,9,2,0,17.65,11.76,53.12,75.0
0,Praszelik,Verona,https://content.fantacalcio.it/web/campioncini/card2021/NO-CAMPIONCINO.png,0,2,0,1,29,2,23,0,0,0,0.0,0.0,3.12,0.0
0,Rabiot,Juventus,https://content.fantacalcio.it/web/campioncini/card2021/RABIOT.png,23,4,0,3,2,27,1842,11,4,0,7.41,14.81,75.0,47.83
0,Ricci-S,Torino,https://content.fantacalcio.it/web/campioncini/card2021/RICCI-S.png,20,6,1,0,5,26,1794,6,2,1,7.69,11.54,75.0,30.0
0,Rincon,Sampdoria,https://content.fantacalcio.it/web/campioncini/card2021/RINCON.png,9,10,0,0,13,19,915,6,4,0,0.0,21.05,50.0,66.67
0,Rog,Cagliari,https://content.fantacalcio.it/web/campioncini/card2021/ROG.png,0,2,0,30,0,2,57,0,0,0,0.0,0.0,6.25,0.0
0,Rojas,Bologna,https://content.fantacalcio.it/web/campioncini/card2021/NO-CAMPIONCINO.png,28,0,0,0,32,0,2305,15,6,0,0.0,0.0,0.0,53.57
0,Romero-L,Lazio,https://content.fantacalcio.it/web/campioncini/card2021/ROMERO-L.png,0,4,0,0,28,4,47,0,0,0,0.0,0.0,3.12,0.0
0,Rovella,Genoa,https://content.fantacalcio.it/web/campioncini/card2021/ROVELLA.png,16,4,1,9,2,20,1443,4,5,0,15.0,25.0,59.38,25.0
0,Ruiz,Napoli,https://content.fantacalcio.it/web/campioncini/card2021/RUIZ.png,24,3,0,5,0,27,2011,13,2,0,33.33,7.41,81.25,54.17
0,Sabiri,Sampdoria,https://content.fantacalcio.it/web/campioncini/card2021/SABIRI.png,4,4,0,0,24,8,440,1,3,0,25.0,37.5,21.88,25.0
0,Saelemaekers,Milan,https://content.fantacalcio.it/web/campioncini/card2021/SAELEMAEKERS.png,18,13,0,0,1,31,1603,12,2,0,12.9,6.45,93.75,66.67
0,Samardzic,Udinese,https://content.fantacalcio.it/web/campioncini/card2021/SAMARDZIC.png,0,15,0,1,16,15,188,0,0,0,20.0,0.0,18.75,0.0
0,Saponara,Fiorentina,https://content.fantacalcio.it/web/campioncini/card2021/SAPONARA.png,11,11,0,0,10,22,1073,10,1,0,18.18,4.55,62.5,90.91
0,Schiavone,Salernitana,https://content.fantacalcio.it/web/campioncini/card2021/SCHIAVONE.png,5,9,0,7,11,14,569,3,1,0,7.14,7.14,34.38,60.0
0,Schouten,Bologna,https://content.fantacalcio.it/web/campioncini/card2021/SCHOUTEN.png,10,1,1,18,2,11,898,2,2,1,9.09,27.27,34.38,20.0
0,Sensi,Sampdoria,https://content.fantacalcio.it/web/campioncini/card2021/SENSI.png,9,8,0,5,10,17,733,6,0,0,5.88,0.0,34.38,66.67
0,Sher,Spezia,https://content.fantacalcio.it/web/campioncini/card2021/SHER.png,0,1,0,7,24,1,45,0,0,0,0.0,0.0,3.12,0.0
0,Sigurdsson-A,Venezia,https://content.fantacalcio.it/web/campioncini/card2021/SIGURDSSON-A.png,0,9,0,6,17,9,174,0,0,0,0.0,0.0,18.75,0.0
0,Soriano,Bologna,https://content.fantacalcio.it/web/campioncini/card2021/SORIANO.png,26,3,2,0,1,29,2193,10,4,2,10.34,20.69,90.62,38.46
0,Sottil,Fiorentina,https://content.fantacalcio.it/web/campioncini/card2021/SOTTIL.png,13,7,1,0,11,20,1141,11,1,1,20.0,10.0,62.5,84.62
0,Strootman,Cagliari,https://content.fantacalcio.it/web/campioncini/card2021/STROOTMAN.png,7,3,0,19,3,10,644,5,4,0,0.0,40.0,28.12,71.43
0,Stulac,Empoli,https://content.fantacalcio.it/web/campioncini/card2021/STULAC.png,7,12,0,0,13,19,698,6,1,0,15.79,5.26,53.12,85.71
0,Sturaro,Genoa,https://content.fantacalcio.it/web/campioncini/card2021/STURARO.png,22,1,2,3,4,23,1656,14,11,0,0.0,43.48,71.88,63.64
0,Svanberg,Bologna,https://content.fantacalcio.it/web/campioncini/card2021/SVANBERG.png,27,3,1,0,1,30,2267,12,6,0,13.33,20.0,90.62,44.44
0,Tameze,Verona,https://content.fantacalcio.it/web/campioncini/card2021/TAMEZE.png,21,11,0,0,0,32,2085,9,3,0,15.62,9.38,93.75,42.86
0,Tessmann,Venezia,https://content.fantacalcio.it/web/campioncini/card2021/TESSMANN.png,5,12,2,0,13,17,599,3,1,1,0.0,11.76,46.88,60.0
0,Thorsby,Sampdoria,https://content.fantacalcio.it/web/campioncini/card2021/THORSBY.png,29,0,2,0,1,29,2480,7,10,0,10.34,34.48,90.62,24.14
0,Tonali,Milan,https://content.fantacalcio.it/web/campioncini/card2021/TONALI.png,25,5,1,0,1,30,2138,11,6,0,13.33,20.0,87.5,44.0
0,Torreira,Fiorentina,https://content.fantacalcio.it/web/campioncini/card2021/TORREIRA.png,23,3,2,0,4,26,1919,12,5,1,15.38,23.08,78.12,52.17
0,Traore-Hj,Sassuolo,https://content.fantacalcio.it/web/campioncini/card2021/TRAORE-HJ.png,18,8,0,1,5,26,1510,16,2,0,26.92,7.69,75.0,88.89
0,Vacca,Venezia,https://content.fantacalcio.it/web/campioncini/card2021/VACCA.png,12,6,1,9,4,18,949,12,4,0,0.0,22.22,56.25,100.0
0,Vecino,Inter,https://content.fantacalcio.it/web/campioncini/card2021/VECINO.png,2,14,0,0,16,16,362,1,1,0,6.25,6.25,31.25,50.0
0,Verdi,Salernitana,https://content.fantacalcio.it/web/campioncini/card2021/VERDI.png,6,5,0,14,7,11,491,6,1,0,18.18,9.09,31.25,100.0
0,Veretout,Roma,https://content.fantacalcio.it/web/campioncini/card2021/VERETOUT.png,22,8,1,1,0,30,1963,15,6,0,26.67,23.33,90.62,68.18
0,Verre,Empoli,https://content.fantacalcio.it/web/campioncini/card2021/VERRE.png,7,8,0,11,6,15,507,7,1,0,0.0,6.67,37.5,100.0
0,Vidal,Inter,https://content.fantacalcio.it/web/campioncini/card2021/VIDAL.png,2,22,0,4,4,24,646,2,3,0,4.17,12.5,62.5,100.0
0,Vieira,Sampdoria,https://content.fantacalcio.it/web/campioncini/card2021/VIEIRA.png,0,9,0,11,12,9,152,0,0,0,0.0,0.0,18.75,0.0
0,Vignato,Bologna,https://content.fantacalcio.it/web/campioncini/card2021/VIGNATO.png,3,19,0,3,7,22,542,3,2,0,4.55,9.09,46.88,100.0
0,Viola,Bologna,https://content.fantacalcio.it/web/campioncini/card2021/VIOLA.png,1,4,0,6,21,5,84,1,0,0,0.0,0.0,6.25,100.0
0,Volpato,Roma,https://content.fantacalcio.it/web/campioncini/card2021/NO-CAMPIONCINO.png,0,2,0,0,30,2,29,0,0,0,50.0,0.0,3.12,0.0
0,Walace,Udinese,https://content.fantacalcio.it/web/campioncini/card2021/WALACE.png,26,2,2,0,2,28,2306,5,6,1,0.0,25.0,84.38,19.23
0,Yepes,Sampdoria,https://content.fantacalcio.it/web/campioncini/card2021/YEPES.png,0,3,0,0,29,3,11,0,0,0,0.0,0.0,0.0,0.0
0,Zaccagni,Lazio,https://content.fantacalcio.it/web/campioncini/card2021/ZACCAGNI.png,17,8,1,6,0,25,1568,8,5,0,32.0,20.0,75.0,47.06
0,Zakaria,Juventus,https://content.fantacalcio.it/web/campioncini/card2021/ZAKARIA.png,4,1,0,3,24,5,356,2,0,0,20.0,0.0,15.62,50.0
0,Zalewski,Roma,https://content.fantacalcio.it/web/campioncini/card2021/ZALEWSKI.png,5,5,0,0,22,10,445,5,1,0,0.0,10.0,21.88,100.0
0,Zambo-Anguissa,Napoli,https://content.fantacalcio.it/web/campioncini/card2021/ANGUISSA.png,16,3,1,5,7,19,1471,2,5,0,0.0,26.32,56.25,12.5
0,Zaniolo,Roma,https://content.fantacalcio.it/web/campioncini/card2021/ZANIOLO.png,21,3,3,1,4,24,1749,12,9,2,12.5,41.67,71.88,57.14
0,Zielinski,Napoli,https://content.fantacalcio.it/web/campioncini/card2021/ZIELINSKI.png,25,5,0,3,0,30,1936,18,1,0,30.0,3.33,90.62,72.0
0,Zurkowski,Empoli,https://content.fantacalcio.it/web/campioncini/card2021/ZURKOWSKI.png,24,6,0,0,2,30,1916,15,5,0,16.67,16.67,87.5,62.5
0,Abraham,Roma,https://content.fantacalcio.it/web/campioncini/card2021/ABRAHAM.png,31,0,1,0,0,31,2629,11,9,0,45.16,29.03,96.88,35.48
0,Afena-Gyan,Roma,https://content.fantacalcio.it/web/campioncini/card2021/AFENA-GYAN.png,5,10,1,2,14,15,601,5,3,1,6.67,26.67,40.62,100.0
0,Ake-M,Juventus,https://content.fantacalcio.it/web/campioncini/card2021/NO-CAMPIONCINO.png,0,1,0,3,28,1,4,0,0,0,0.0,0.0,0.0,0.0
0,Antiste,Spezia,https://content.fantacalcio.it/web/campioncini/card2021/ANTISTE.png,8,4,0,0,20,12,642,6,0,0,8.33,0.0,31.25,75.0
0,Arnautovic,Bologna,https://content.fantacalcio.it/web/campioncini/card2021/ARNAUTOVIC.png,27,1,0,3,1,28,2280,10,4,0,35.71,17.86,84.38,37.04
0,Barrow,Bologna,https://content.fantacalcio.it/web/campioncini/card2021/BARROW.png,21,6,0,0,5,27,1722,18,0,0,25.93,0.0,81.25,85.71
0,Belotti,Torino,https://content.fantacalcio.it/web/campioncini/card2021/BELOTTI.png,12,5,0,15,0,17,1079,9,1,0,35.29,5.88,53.12,75.0
0,Berardi,Sassuolo,https://content.fantacalcio.it/web/campioncini/card2021/BERARDI.png,28,0,1,3,0,28,2425,14,8,0,71.43,28.57,87.5,50.0
0,Beto,Udinese,https://content.fantacalcio.it/web/campioncini/card2021/BETO.png,24,4,0,0,4,28,2175,7,1,0,28.57,3.57,87.5,29.17
0,Boga,Atalanta,https://content.fantacalcio.it/web/campioncini/card2021/BOGA.png,12,8,0,8,4,20,1112,10,0,0,10.0,0.0,59.38,83.33
0,Bonazzoli,Salernitana,https://content.fantacalcio.it/web/campioncini/card2021/BONAZZOLI.png,15,9,1,1,6,24,1489,9,5,0,29.17,20.83,75.0,60.0
0,Brekalo,Torino,https://content.fantacalcio.it/web/campioncini/card2021/BREKALO.png,21,4,0,1,6,25,1812,12,1,0,24.0,4.0,75.0,57.14
0,Buksa,Genoa,https://content.fantacalcio.it/web/campioncini/card2021/BUKSA.png,0,4,0,0,28,4,62,0,0,0,0.0,0.0,3.12,0.0
0,Cabral,Fiorentina,https://content.fantacalcio.it/web/campioncini/card2021/CABRAL.png,3,4,0,0,25,7,322,2,1,0,42.86,14.29,18.75,66.67
0,Caicedo,Inter,https://content.fantacalcio.it/web/campioncini/card2021/CAICEDO.png,1,10,0,12,9,11,282,0,1,0,18.18,9.09,25.0,0.0
0,Cancellieri,Verona,https://content.fantacalcio.it/web/campioncini/card2021/CANCELLIERI.png,1,10,0,4,17,11,201,1,1,0,9.09,9.09,12.5,100.0
0,Caprari,Verona,https://content.fantacalcio.it/web/campioncini/card2021/CAPRARI.png,27,2,0,1,2,29,2238,14,3,0,44.83,10.34,87.5,51.85
0,Caputo,Sampdoria,https://content.fantacalcio.it/web/campioncini/card2021/CAPUTO.png,28,4,0,0,0,32,2506,12,1,0,34.38,3.12,100.0,42.86
0,Carles-Perez,Roma,https://content.fantacalcio.it/web/campioncini/card2021/CARLES-PEREZ.png,1,12,0,1,18,13,354,2,2,0,15.38,15.38,31.25,200.0
0,Ceide,Sassuolo,https://content.fantacalcio.it/web/campioncini/card2021/NO-CAMPIONCINO.png,0,4,0,0,28,4,14,0,0,0,0.0,0.0,0.0,0.0
0,Ceter,Cagliari,https://content.fantacalcio.it/web/campioncini/card2021/CETER.png,0,1,0,20,11,1,5,0,0,0,0.0,0.0,0.0,0.0
0,Cisse-M,Atalanta,https://content.fantacalcio.it/web/campioncini/card2021/NO-CAMPIONCINO.png,0,2,0,0,30,2,32,0,0,0,50.0,0.0,3.12,0.0
0,Colley-E,Spezia,https://content.fantacalcio.it/web/campioncini/card2021/COLLEY-E.png,3,8,0,8,13,11,390,2,1,0,0.0,9.09,25.0,66.67
0,Correa,Inter,https://content.fantacalcio.it/web/campioncini/card2021/CORREA.png,9,11,0,11,2,19,743,9,2,0,15.79,10.53,59.38,100.0
0,Cutrone,Empoli,https://content.fantacalcio.it/web/campioncini/card2021/CUTRONE.png,12,11,0,0,9,23,1179,9,1,0,8.7,4.35,62.5,75.0
0,Defrel,Sassuolo,https://content.fantacalcio.it/web/campioncini/card2021/DEFREL.png,10,22,0,0,0,32,1169,9,3,0,12.5,9.38,81.25,90.0
0,Destro,Genoa,https://content.fantacalcio.it/web/campioncini/card2021/DESTRO.png,19,3,0,5,5,22,1499,13,3,0,40.91,13.64,68.75,68.42
0,Deulofeu,Udinese,https://content.fantacalcio.it/web/campioncini/card2021/DEULOFEU.png,23,3,1,2,3,26,1956,13,7,0,42.31,26.92,81.25,56.52
0,Di-Francesco-F,Empoli,https://content.fantacalcio.it/web/campioncini/card2021/DI-FRANCESCO-F.png,16,6,0,3,7,22,1257,14,2,0,22.73,9.09,68.75,87.5
0,Djuric,Salernitana,https://content.fantacalcio.it/web/campioncini/card2021/DJURIC.png,16,10,0,4,2,26,1588,9,4,0,19.23,15.38,78.12,56.25
0,Dybala,Juventus,https://content.fantacalcio.it/web/campioncini/card2021/DYBALA.png,21,2,0,8,1,23,1678,11,2,0,52.17,13.04,68.75,52.38
0,Dzeko,Inter,https://content.fantacalcio.it/web/campioncini/card2021/DZEKO.png,24,7,0,1,1,30,2221,11,2,0,46.67,6.67,90.62,45.83
0,Edera,Torino,https://content.fantacalcio.it/web/campioncini/card2021/EDERA.png,11,0,0,0,32,0,1000,7,4,0,0.0,0.0,0.0,63.64
0,Ekuban,Genoa,https://content.fantacalcio.it/web/campioncini/card2021/EKUBAN.png,15,8,0,4,5,23,1461,9,2,0,13.04,8.7,71.88,60.0
0,El-Shaarawy,Roma,https://content.fantacalcio.it/web/campioncini/card2021/EL-SHAARAWY.png,6,15,0,4,7,21,832,5,1,0,9.52,4.76,59.38,83.33
0,Falcinelli,Bologna,https://content.fantacalcio.it/web/campioncini/card2021/FALCINELLI.png,0,5,0,0,27,5,58,0,0,0,0.0,0.0,6.25,0.0
0,Gabbiadini,Sampdoria,https://content.fantacalcio.it/web/campioncini/card2021/GABBIADINI.png,15,3,0,14,0,18,1147,10,3,0,44.44,16.67,50.0,66.67
0,Gagliano,Cagliari,https://content.fantacalcio.it/web/campioncini/card2021/no-campioncino.png,0,2,0,2,28,2,11,0,0,0,0.0,0.0,0.0,0.0
0,Giovinco,Sampdoria,https://content.fantacalcio.it/web/campioncini/card2021/GIOVINCO.png,0,2,0,1,29,2,37,0,0,0,0.0,0.0,6.25,0.0
0,Giroud,Milan,https://content.fantacalcio.it/web/campioncini/card2021/GIROUD.png,16,7,0,6,3,23,1516,10,3,0,39.13,13.04,71.88,62.5
0,Gonzalez-N,Fiorentina,https://content.fantacalcio.it/web/campioncini/card2021/GONZALEZ-N.png,19,7,1,3,2,26,1752,9,0,1,34.62,3.85,81.25,47.37
0,Gyasi,Spezia,https://content.fantacalcio.it/web/campioncini/card2021/GYASI.png,31,1,1,0,0,31,2690,9,9,0,16.13,32.26,96.88,29.03
0,Henry,Venezia,https://content.fantacalcio.it/web/campioncini/card2021/HENRY.png,18,10,1,0,3,28,1687,12,3,1,28.57,14.29,84.38,66.67
0,Ibrahimovic,Milan,https://content.fantacalcio.it/web/campioncini/card2021/IBRAHIMOVIC.png,11,8,0,12,1,19,938,4,1,0,36.84,15.79,46.88,36.36
0,Ilicic,Atalanta,https://content.fantacalcio.it/web/campioncini/card2021/ILICIC.png,8,11,0,10,3,19,828,8,1,0,26.32,10.53,53.12,100.0
0,Immobile,Lazio,https://content.fantacalcio.it/web/campioncini/card2021/IMMOBILE.png,27,0,0,5,0,27,2356,6,3,0,70.37,18.52,84.38,22.22
0,Insigne,Napoli,https://content.fantacalcio.it/web/campioncini/card2021/INSIGNE.png,23,3,0,5,1,26,1863,20,1,0,38.46,15.38,81.25,86.96
0,Joao-Pedro,Cagliari,https://content.fantacalcio.it/web/campioncini/card2021/JOAO-PEDRO.png,31,0,1,0,0,31,2788,1,8,0,41.94,25.81,96.88,3.23
0,Johnsen,Venezia,https://content.fantacalcio.it/web/campioncini/card2021/JOHNSEN.png,15,6,0,7,4,21,1275,12,2,0,9.52,9.52,65.62,80.0
0,Jovane,Lazio,https://content.fantacalcio.it/web/campioncini/card2021/NO-CAMPIONCINO.png,0,1,0,0,31,1,67,0,0,0,0.0,0.0,3.12,0.0
0,Kaio-Jorge,Juventus,https://content.fantacalcio.it/web/campioncini/card2021/KAIO-JORGE.png,0,8,0,11,13,8,114,1,0,0,0.0,0.0,6.25,0.0
0,Kallon,Genoa,https://content.fantacalcio.it/web/campioncini/card2021/KALLON.png,5,10,0,6,11,15,630,3,3,0,6.67,20.0,40.62,60.0
0,Kean,Juventus,https://content.fantacalcio.it/web/campioncini/card2021/KEAN.png,10,16,0,3,3,26,847,10,3,0,19.23,11.54,62.5,100.0
0,Keita-B,Cagliari,https://content.fantacalcio.it/web/campioncini/card2021/KEITA-B.png,11,9,0,2,10,20,979,10,2,0,20.0,10.0,46.88,90.91
0,Kokorin,Fiorentina,https://content.fantacalcio.it/web/campioncini/card2021/KOKORIN.png,0,6,0,1,25,6,50,0,1,0,0.0,16.67,6.25,0.0
0,La-Mantia,Empoli,https://content.fantacalcio.it/web/campioncini/card2021/LA-MANTIA.png,1,13,0,0,18,14,332,1,0,0,14.29,0.0,31.25,100.0
0,Lasagna,Verona,https://content.fantacalcio.it/web/campioncini/card2021/LASAGNA.png,9,13,0,2,8,22,907,7,0,0,18.18,0.0,62.5,77.78
0,Lazetic,Milan,https://content.fantacalcio.it/web/campioncini/card2021/NO-CAMPIONCINO.png,12,0,0,0,32,0,1126,9,2,0,0.0,0.0,0.0,75.0
0,Lozano,Napoli,https://content.fantacalcio.it/web/campioncini/card2021/LOZANO.png,15,9,0,6,2,24,1250,15,1,0,25.0,4.17,75.0,100.0
0,Manaj,Spezia,https://content.fantacalcio.it/web/campioncini/card2021/MANAJ.png,15,10,1,1,6,24,1374,11,7,0,16.67,29.17,68.75,73.33
0,Martinez-L,Inter,https://content.fantacalcio.it/web/campioncini/card2021/MARTINEZ-L.png,22,6,2,0,2,28,1810,20,5,0,42.86,21.43,81.25,90.91
0,Mertens,Napoli,https://content.fantacalcio.it/web/campioncini/card2021/MERTENS.png,12,12,0,2,6,24,1048,10,1,0,29.17,4.17,62.5,83.33
0,Mihaila,Atalanta,https://content.fantacalcio.it/web/campioncini/card2021/NO-CAMPIONCINO.png,0,4,0,0,28,4,72,0,0,0,0.0,0.0,6.25,0.0
0,Mikael,Salernitana,https://content.fantacalcio.it/web/campioncini/card2021/NO-CAMPIONCINO.png,0,5,0,0,27,5,56,0,0,0,0.0,0.0,9.38,0.0
0,Morata,Juventus,https://content.fantacalcio.it/web/campioncini/card2021/MORATA.png,22,8,1,1,0,30,2008,16,5,0,33.33,16.67,93.75,72.73
0,Moro,Lazio,https://content.fantacalcio.it/web/campioncini/card2021/MORO.png,1,10,0,0,21,11,190,1,0,0,9.09,0.0,21.88,100.0
0,Mousset,Salernitana,https://content.fantacalcio.it/web/campioncini/card2021/NO-CAMPIONCINO.png,2,3,0,3,24,5,153,2,2,0,20.0,40.0,12.5,100.0
0,Munteanu,Fiorentina,https://content.fantacalcio.it/web/campioncini/card2021/MUNTEANU.png,1,0,0,0,32,0,220,0,1,0,0.0,0.0,0.0,0.0
0,Muriel,Atalanta,https://content.fantacalcio.it/web/campioncini/card2021/MURIEL.png,12,9,0,6,5,21,1109,11,0,0,28.57,0.0,62.5,91.67
0,Nani,Venezia,https://content.fantacalcio.it/web/campioncini/card2021/NANI.png,3,7,0,0,22,10,283,3,1,0,10.0,10.0,18.75,100.0
0,Nestorovski,Udinese,https://content.fantacalcio.it/web/campioncini/card2021/NESTOROVSKI.png,0,2,0,8,22,2,26,0,1,0,0.0,50.0,3.12,0.0
0,Nsame,Venezia,https://content.fantacalcio.it/web/campioncini/card2021/NSAME.png,1,7,0,0,24,8,193,1,0,0,0.0,0.0,21.88,100.0
0,Nzola,Spezia,https://content.fantacalcio.it/web/campioncini/card2021/NZOLA.png,10,10,0,2,10,20,1060,3,2,0,10.0,10.0,50.0,30.0
0,Oddei,Sassuolo,https://content.fantacalcio.it/web/campioncini/card2021/ODDEI.png,0,2,0,0,30,2,7,0,0,0,0.0,0.0,0.0,0.0
0,Okereke,Venezia,https://content.fantacalcio.it/web/campioncini/card2021/OKEREKE.png,20,6,1,2,3,26,1764,11,3,1,23.08,15.38,78.12,55.0
0,Osimhen,Napoli,https://content.fantacalcio.it/web/campioncini/card2021/OSIMHEN.png,18,3,2,9,0,21,1537,10,5,1,42.86,28.57,65.62,55.56
0,Ounas,Napoli,https://content.fantacalcio.it/web/campioncini/card2021/OUNAS.png,1,13,0,9,9,14,307,0,1,0,0.0,7.14,25.0,0.0
0,Pavoletti,Cagliari,https://content.fantacalcio.it/web/campioncini/card2021/PAVOLETTI.png,11,16,1,2,2,27,1220,6,7,0,22.22,25.93,68.75,54.55
0,Pedro,Lazio,https://content.fantacalcio.it/web/campioncini/card2021/PEDRO.png,25,5,1,1,0,30,1962,15,5,0,36.67,16.67,93.75,60.0
0,Pellegri,Torino,https://content.fantacalcio.it/web/campioncini/card2021/PELLEGRI.png,1,8,0,9,14,9,174,1,0,0,0.0,0.0,18.75,100.0
0,Petagna,Napoli,https://content.fantacalcio.it/web/campioncini/card2021/PETAGNA.png,3,18,0,3,8,21,505,3,1,0,14.29,4.76,37.5,100.0
0,Piatek,Fiorentina,https://content.fantacalcio.it/web/campioncini/card2021/PIATEK.png,7,1,0,0,24,8,533,6,0,0,37.5,12.5,25.0,85.71
0,Piccoli,Genoa,https://content.fantacalcio.it/web/campioncini/card2021/PICCOLI.png,2,14,0,4,12,16,345,1,0,0,6.25,0.0,21.88,50.0
0,Pinamonti,Empoli,https://content.fantacalcio.it/web/campioncini/card2021/PINAMONTI.png,27,4,0,0,1,31,2420,7,2,0,29.03,6.45,96.88,25.93
0,Pjaca,Torino,https://content.fantacalcio.it/web/campioncini/card2021/PJACA.png,11,10,0,6,5,21,1008,7,0,0,14.29,0.0,53.12,63.64
0,Podgoreanu,Spezia,https://content.fantacalcio.it/web/campioncini/card2021/NO-CAMPIONCINO.png,1,4,0,0,27,5,109,1,0,0,20.0,0.0,6.25,100.0
0,Politano,Napoli,https://content.fantacalcio.it/web/campioncini/card2021/POLITANO.png,19,10,0,3,0,29,1542,19,2,0,20.69,6.9,84.38,100.0
0,Pussetto,Udinese,https://content.fantacalcio.it/web/campioncini/card2021/PUSSETTO.png,8,13,0,2,9,21,915,7,3,0,19.05,14.29,59.38,87.5
0,Quagliarella,Sampdoria,https://content.fantacalcio.it/web/campioncini/card2021/QUAGLIARELLA.png,17,11,0,2,2,28,1504,10,2,0,10.71,7.14,84.38,58.82
0,Rafael-Leao,Milan,https://content.fantacalcio.it/web/campioncini/card2021/RAFAEL-LEAO.png,25,3,0,3,1,28,2092,15,3,0,39.29,10.71,87.5,60.0
0,Raspadori,Sassuolo,https://content.fantacalcio.it/web/campioncini/card2021/RASPADORI.png,26,4,2,0,0,30,2223,14,6,1,33.33,23.33,93.75,53.85
0,Rebic,Milan,https://content.fantacalcio.it/web/campioncini/card2021/REBIC.png,6,13,0,12,1,19,728,3,2,0,15.79,10.53,53.12,50.0
0,Ribery,Salernitana,https://content.fantacalcio.it/web/campioncini/card2021/RIBERY.png,15,4,0,5,8,19,1257,10,2,0,10.53,10.53,59.38,66.67
0,Salcedo-E,Spezia,https://content.fantacalcio.it/web/campioncini/card2021/SALCEDO-E.png,5,4,0,2,21,9,403,5,1,0,0.0,11.11,21.88,100.0
0,Sanabria,Torino,https://content.fantacalcio.it/web/campioncini/card2021/SANABRIA.png,20,7,0,3,2,27,1639,15,3,0,18.52,11.11,71.88,75.0
0,Sanchez,Inter,https://content.fantacalcio.it/web/campioncini/card2021/SANCHEZ.png,7,14,0,4,7,21,798,5,0,0,23.81,0.0,56.25,71.43
0,Sansone,Bologna,https://content.fantacalcio.it/web/campioncini/card2021/SANSONE.png,6,17,1,1,7,23,788,5,5,0,13.04,21.74,59.38,83.33
0,Santander,Bologna,https://content.fantacalcio.it/web/campioncini/card2021/SANTANDER.png,0,7,0,9,16,7,61,0,1,0,14.29,14.29,6.25,0.0
0,Seck,Torino,https://content.fantacalcio.it/web/campioncini/card2021/NO-CAMPIONCINO.png,0,2,0,0,30,2,11,0,0,0,0.0,0.0,0.0,0.0
0,Shomurodov,Roma,https://content.fantacalcio.it/web/campioncini/card2021/SHOMURODOV.png,4,19,0,1,8,23,633,3,1,0,17.39,4.35,50.0,75.0
0,Simeone,Verona,https://content.fantacalcio.it/web/campioncini/card2021/SIMEONE.png,26,4,1,0,1,30,2183,13,7,0,33.33,23.33,90.62,50.0
0,Strelec,Spezia,https://content.fantacalcio.it/web/campioncini/card2021/STRELEC.png,7,2,0,0,23,9,486,6,0,0,11.11,0.0,25.0,85.71
0,Success,Udinese,https://content.fantacalcio.it/web/campioncini/card2021/SUCCESS.png,7,10,1,1,13,17,627,7,1,1,29.41,11.76,43.75,100.0
0,Supryaga,Sampdoria,https://content.fantacalcio.it/web/campioncini/card2021/NO-CAMPIONCINO.png,0,0,0,1,31,0,23,1,0,0,0.0,0.0,3.12,0.0
0,Verde,Spezia,https://content.fantacalcio.it/web/campioncini/card2021/VERDE.png,17,11,0,2,2,28,1632,12,2,0,35.71,10.71,87.5,70.59
0,Vergani,Salernitana,https://content.fantacalcio.it/web/campioncini/card2021/VERGANI.png,1,5,0,0,26,6,98,1,0,0,0.0,0.0,3.12,100.0
0,Vlahovic,Juventus,https://content.fantacalcio.it/web/campioncini/card2021/VLAHOVIC.png,29,1,0,0,2,30,2584,7,4,0,56.67,16.67,93.75,24.14
0,Warming,Torino,https://content.fantacalcio.it/web/campioncini/card2021/WARMING.png,0,4,0,0,28,4,53,0,0,0,0.0,0.0,6.25,0.0
0,Yeboah,Genoa,https://content.fantacalcio.it/web/campioncini/card2021/NO-CAMPIONCINO.png,7,4,0,0,21,11,592,6,1,0,0.0,9.09,34.38,85.71
0,Zapata-D,Atalanta,https://content.fantacalcio.it/web/campioncini/card2021/ZAPATA-D.png,15,2,0,12,3,17,1309,9,2,0,64.71,11.76,56.25,60.0
0,Zaza,Torino,https://content.fantacalcio.it/web/campioncini/card2021/ZAZA.png,0,10,0,8,14,10,118,0,1,0,0.0,10.0,9.38,0.0
0,Gunter,Verona,https://content.fantacalcio.it/web/campioncini/card2021/GUNTER.png,25,0,1,4,2,25,2178,3,7,0,0.0,32.0,78.12,12.0
0,Scamacca,Sassuolo,https://content.fantacalcio.it/web/campioncini/card2021/SCAMACCA.png,19,11,1,0,1,30,1692,13,6,0,36.67,20.0,81.25,68.42
